County,Geo_id,Census_pop,N_tweets
Shoshone County,16079,12765,12
Owyhee County,16073,11526,14
Oneida County,16071,4286,3
Power County,16077,7817,8
Payette County,16075,22623,30
Yuba County,06115,72155,157
Ventura County,06111,823318,2935
Yolo County,06113,200849,804
Washington County,01129,17581,30
Sanborn County,46111,2355,5
Macon County,01087,21452,123
Hoonah-Angoon Census Area,02105,2150,1
Sedgwick County,08115,2379,3
Lowndes County,01085,11299,28
Frederick County,51069,78305,223
Miami County,39109,102506,241
Pottawattamie County,19155,93158,297
Meigs County,39105,23770,37
Franklin County,51067,56159,100
Mercer County,39107,40814,109
Fauquier County,51061,65203,261
Marion County,39101,66501,159
Polk County,19153,430640,2311
Medina County,39103,172332,582
Coal County,40029,5925,9
Tulsa County,40143,603403,2542
Bee County,48025,31861,70
Avoyelles Parish,22009,42073,83
Talladega County,01121,82291,406
Calhoun County,17013,5089,4
Acadia Parish,22001,61773,105
Allen Parish,22003,25764,45
Ascension Parish,22005,107215,260
Tallapoosa County,01123,41616,151
Assumption Parish,22007,23421,38
Kern County,06029,839631,2139
Glenn County,06021,28122,72
Choctaw County,40023,15205,34
Humboldt County,06023,134623,379
Imperial County,06025,174528,489
Inyo County,06027,18546,62
Yellow Medicine County,27173,10438,22
Wright County,27171,124700,322
Fairfax city,51600,22565,235
Henderson County,21101,46250,103
Henry County,21103,15416,46
Hickman County,21105,4902,4
Hopkins County,21107,46920,98
Jackson County,21109,13494,13
Humboldt County,32013,16528,25
Eureka County,32011,1987,4
Winchester city,51840,26203,186
Lincoln County,32017,5345,11
Lander County,32015,5775,9
Hickman County,47081,24690,28
Lyon County,32019,51980,63
Tuscola County,26157,55729,80
Franklin County,42055,149618,361
Shiawassee County,26155,70648,200
Fulton County,42057,14845,34
Clay County,12019,190865,505
Fayette County,42051,136606,416
Sanilac County,26151,43114,74
Forest County,42053,7716,10
Charlotte County,12015,159978,338
Citrus County,12017,141236,156
Broward County,12011,1748066,8470
Greene County,42059,38686,95
Van Buren County,26159,76258,187
Mathews County,51115,8978,18
Mecklenburg County,51117,32727,52
Lunenburg County,51111,12914,18
Madison County,51113,13308,32
Aurora County,46003,2710,7
Huerfano County,08055,6711,13
Middlesex County,51119,10959,30
Beadle County,46005,17398,31
Cook County,17031,5194675,29793
Crawford County,17033,19817,30
Bastrop County,48021,74171,262
Cumberland County,17035,11048,22
DeKalb County,17037,105160,585
White County,18181,24643,59
Sharp County,05135,17264,27
Sevier County,05133,17058,49
Sebastian County,05131,125744,374
Audubon County,19009,6119,8
Wakulla County,12129,30776,42
Ashley County,05003,21853,69
Berrien County,26021,156813,593
Arkansas County,05001,19019,31
Cass County,26027,52293,114
Benton County,05007,221339,758
Island County,53029,78506,144
Baxter County,05005,41513,67
Grays Harbor County,53027,72797,187
Taylor County,12123,22570,45
Boone County,05009,36903,61
Union County,12125,15535,16
Volusia County,12127,494593,1740
Rawlins County,20153,2519,7
Clarke County,01025,25833,53
Clay County,01027,13932,25
Chilton County,01021,43643,110
Choctaw County,01023,13859,26
Cleburne County,01029,14972,46
Ashe County,37009,27281,35
Anson County,37007,26948,42
Alleghany County,37005,11155,26
Alexander County,37003,37198,58
Alamance County,37001,151131,452
Panola County,48365,23796,52
Erie County,36029,919040,5220
Westmoreland County,42129,365169,1078
Palo Pinto County,48363,28111,73
Cortland County,36023,49336,245
Wayne County,42127,52822,120
Dutchess County,36027,297488,1343
Delaware County,36025,47980,110
Irion County,48235,1599,9
Kingman County,20095,7858,19
Fluvanna County,51065,25691,47
Fayette County,48149,24554,96
Shelby County,48419,25448,32
Falls County,48145,17866,33
Kiowa County,20097,2553,12
El Paso County,48141,800647,2517
Erath County,48143,37890,255
Randolph County,01111,22913,52
Russell County,01113,52947,140
St. Clair County,01115,83593,249
Shelby County,01117,195085,816
Sumter County,01119,13763,86
Bradford County,12007,28520,47
Comanche County,48093,13974,17
Comal County,48091,108472,494
Cooke County,48097,38437,87
Concho County,48095,4087,848
Chattahoochee County,13053,11267,65
Chatham County,13051,265128,1588
Cherokee County,13057,214346,681
Chattooga County,13055,26015,33
Long County,13183,14464,20
Putnam County,29171,4979,4
Tyrrell County,37177,4407,8
Transylvania County,37175,33090,104
Swain County,37173,13981,86
Surry County,37171,73673,114
Van Buren County,19177,7570,10
Union County,37179,201292,655
Ritchie County,54085,10449,45
Gunnison County,08051,15324,55
Raleigh County,54081,78859,224
Randolph County,54083,29405,64
Jefferson County,08059,534543,1251
Summers County,54089,13927,24
Nuckolls County,31129,4500,4
Nemaha County,31127,7248,24
Nance County,31125,3735,5
Morrill County,31123,5042,8
Merrick County,31121,7845,25
Starke County,18149,23363,27
Moore County,37125,88247,257
St. Joseph County,18141,266931,1402
Scott County,18143,24181,56
Shelby County,18145,44436,132
Spencer County,18147,20952,39
Buchanan County,29021,89201,348
Callaway County,29027,44332,114
Lawrence County,29109,38634,68
Johnson County,29101,52595,255
Knox County,29103,4131,6
Montgomery County,37123,27798,52
Laclede County,29105,35571,64
Lafayette County,29107,33381,55
Sauk County,55111,61976,263
Sawyer County,55113,16557,22
Shawano County,55115,41949,72
Sheboygan County,55117,115507,303
Lubbock County,48303,278831,1567
Taylor County,55119,20689,19
Buffalo County,31019,46102,225
Brown County,46013,36531,116
Loving County,48301,82,2
McCulloch County,48307,8283,12
Lynn County,48305,5915,7
Cumberland County,47035,56053,96
Davidson County,47037,626681,6648
Coffee County,47031,52796,126
Crockett County,47033,14586,30
Tuolumne County,06109,55365,85
Tulare County,06107,442179,998
Trinity County,06105,13786,13
Decatur County,47039,11757,22
Tehama County,06103,63463,101
Sutter County,06101,94737,195
Ziebach County,46137,2801,4
Door County,55029,27785,124
Greene County,51079,18403,32
Dane County,55025,488073,2965
Grayson County,51077,15533,20
Wood County,39173,125488,826
Goochland County,51075,21717,79
Columbia County,55021,56833,118
Gloucester County,51073,36858,78
Crawford County,55023,16644,37
O'Brien County,19141,14398,29
Tillman County,40141,7992,11
Calcasieu Parish,22019,192768,595
Bienville Parish,22013,14353,48
Beauregard Parish,22011,35654,54
Caddo Parish,22017,254969,615
Bossier Parish,22015,116979,360
Walworth County,46129,5438,6
Madera County,06039,150865,330
Lake County,06033,64665,67
Kings County,06031,152982,377
Los Angeles County,06037,9818605,67057
Union County,46127,14399,77
Ashland County,39005,53139,178
Madison County,16065,37536,142
Sherburne County,27141,88499,198
Minidoka County,16067,20069,14
Steele County,27147,36576,97
Stearns County,27145,150642,688
Lincoln County,16063,5208,2
Stevens County,27149,9726,29
Buena Vista city,51530,6650,19
Athens County,39009,64757,1049
Nez Perce County,16069,39265,55
Jessamine County,21113,48586,147
Jefferson County,21111,741096,4031
Kenton County,21117,159720,548
Johnson County,21115,23356,78
Washakie County,56043,8533,8
Uinta County,56041,21118,18
Weston County,56045,7208,4
Esmeralda County,32009,783,5
Douglas County,32005,46997,109
Elko County,32007,48818,132
Churchill County,32001,24877,41
Clark County,32003,1951269,16120
Cambria County,42021,143679,385
Benton County,27009,38451,106
Cameron County,42023,5085,17
Roscommon County,26143,24449,52
Carbon County,42025,65249,236
Brookings County,46011,31965,201
Centre County,42027,153990,1982
Brevard County,12009,543376,1549
Chester County,42029,498886,2078
St. Joseph County,26149,61295,179
Bay County,12005,168852,818
Baker County,12003,27115,46
Alachua County,12001,247336,1638
Loudoun County,51107,312311,1748
Lee County,51105,25587,22
Lancaster County,51103,11391,32
King William County,51101,15935,31
Louisa County,51109,33153,69
Pike County,05109,11291,20
Ouachita County,05103,26120,63
Newton County,05101,8330,25
Phillips County,05107,21757,43
Perry County,05105,10445,11
Twiggs County,13289,9023,29
Turner County,13287,8930,21
Troup County,13285,67044,217
Treutlen County,13283,6885,26
Towns County,13281,10471,68
Marion County,28091,27088,32
Hockley County,48219,22935,50
Dimmit County,48127,9996,49
Klickitat County,53039,20318,25
Sheridan County,31161,5469,9
Crawford County,26039,14074,38
Dallas County,05039,8116,15
Mellette County,46095,2048,3
Cross County,05037,17870,22
Jefferson County,53031,29872,55
Crittenden County,05035,50902,144
Clinton County,26037,75382,306
Crawford County,05033,61948,116
Cheboygan County,26031,26152,76
Craighead County,05031,96443,429
Kittitas County,53037,40915,515
Miner County,46097,2389,2
Hudspeth County,48229,3476,8
Jewell County,20089,3077,8
Houston County,48225,23732,47
Howard County,48227,35012,69
Osage County,29151,13878,22
Hood County,48221,51182,113
Hopkins County,48223,35161,116
Marshall County,46091,4656,5
Elmore County,01051,79303,233
Escambia County,01053,38319,87
Etowah County,01055,104430,320
Fayette County,01057,17241,17
Franklin County,01059,31704,51
Meade County,46093,25434,43
Chenango County,36017,50477,59
Brunswick County,37019,107431,331
Chemung County,36015,88830,283
Chautauqua County,36013,134905,490
Cayuga County,36011,80026,200
Macon County,13193,14740,17
Avery County,37011,17797,108
McIntosh County,13191,14333,31
Beaufort County,37013,47759,98
Marion County,13197,8742,9
Bertie County,37015,21282,33
Clinton County,36019,82128,258
Bladen County,37017,35190,74
McMullen County,48311,707,7
Madison County,48313,13664,42
Marion County,48315,10546,16
Martin County,48317,4799,17
Mason County,48319,4012,8
Ellis County,48139,149610,584
Stephens County,48429,9630,13
Smith County,48423,209714,826
Eastland County,48133,18583,42
Starr County,48427,60968,132
Somervell County,48425,8490,34
Cobb County,13067,688078,3399
Liberty County,13179,63453,173
Clinch County,13065,6798,22
Clayton County,13063,259424,2618
Buffalo County,55011,13587,11
Clay County,13061,3183,5
Coffee County,13069,42356,83
Taliaferro County,13265,1717,7
Tattnall County,13267,25520,34
Sumter County,13261,32819,81
Talbot County,13263,6865,8
York County,45091,226073,907
Williamsburg County,45089,34423,66
McCurtain County,40089,33151,81
Brooks County,48047,7223,30
Hill County,48217,35089,125
Brazos County,48041,194851,2067
Brewster County,48043,9232,44
Lincoln County,40081,34273,89
Schoolcraft County,26153,8485,27
Logan County,40083,41848,160
Brown County,48049,38106,94
McClain County,40087,34506,115
Graham County,20065,2597,8
Rutherford County,37161,67810,138
Grant County,20067,7829,18
Sampson County,37163,63431,120
Geary County,20061,34362,114
Scotland County,37165,36157,99
Gove County,20063,2695,8
Stanly County,37167,60585,137
Stokes County,37169,47401,72
Gray County,20069,6006,16
Larimer County,08069,299630,1149
La Plata County,08067,51334,159
Lake County,08065,7310,17
Saluda County,45081,19875,31
Kit Carson County,08063,8270,18
Kiowa County,08061,1398,6
Madison County,31119,34876,124
Logan County,31113,763,2
Lincoln County,31111,36288,84
McPherson County,31117,539,1
Loup County,31115,632,2
Hemphill County,48211,3807,15
Montrose County,08085,41276,26
Morgan County,08087,28159,55
Tipton County,18159,15936,27
Moffat County,08081,13795,7
Calhoun County,12013,14625,13
Montezuma County,08083,25535,25
Sullivan County,18153,21475,34
Steuben County,18151,34185,131
Otero County,08089,18831,34
Tippecanoe County,18157,172780,964
Switzerland County,18155,10613,27
Winneshiek County,19191,21056,56
Bon Homme County,46009,7070,11
McDonald County,29119,23083,30
Lincoln County,29113,52566,85
Lewis County,29111,10211,40
Livingston County,29117,15195,21
Linn County,29115,12761,22
Caroline County,51033,28545,88
Dodge County,27039,20087,39
York County,42133,434972,1192
Jefferson County,19101,16843,34
Mingo County,54059,26839,65
Charles City County,51036,7256,8
Charlotte County,51037,12586,11
Richland County,55103,18021,21
Cherokee County,40021,46987,139
Racine County,55101,195408,667
Rusk County,55107,14755,16
Rock County,55105,160331,369
Bennett County,46007,3431,7
St. Croix County,55109,84345,192
Cottonwood County,27033,11687,27
Murray County,40099,13488,45
Clay County,47027,7861,8
Claiborne County,47025,32213,66
Chester County,47023,17131,41
Cheatham County,47021,39105,85
Cocke County,47029,35662,71
Scotland County,29199,4843,5
Union County,05139,41639,140
Wapello County,19179,35625,58
Wayne County,39169,114520,314
Fond du Lac County,55039,101633,236
Clarke County,51043,14034,42
Vinton County,39163,13435,28
Chesterfield County,51041,316236,1064
Eau Claire County,55035,98736,452
Culpeper County,51047,46689,111
Washington County,39167,61778,209
Craig County,51045,5190,13
Warren County,39165,212693,1004
Claiborne Parish,22027,17195,36
Catahoula Parish,22025,10407,20
Jackson County,08057,1394,3
Cameron Parish,22023,6839,34
Caldwell Parish,22021,10132,14
Concordia Parish,22029,20822,51
Butte County,06007,220000,731
Amador County,06005,38091,58
Hamilton County,20075,2690,8
Alpine County,06003,1175,3
Alameda County,06001,1510271,7202
Calaveras County,06009,45578,67
Franklin city,51620,8582,22
Aleutians West Census Area,02016,5561,150
Bingham County,16011,45607,54
Butler County,39017,368130,1390
Blaine County,16013,21376,35
Brown County,39015,44846,75
Boise County,16015,7028,9
Belmont County,39013,70400,237
Bonner County,16017,40877,46
Auglaize County,39011,45949,123
Bonneville County,16019,104234,151
Traverse County,27155,3558,7
Wabasha County,27157,21676,52
Swift County,27151,9783,19
Carroll County,39019,28836,52
Washington Parish,22117,47168,80
Lee County,21129,7887,5
Lawrence County,21127,15860,48
Laurel County,21125,58849,170
Plymouth County,19149,24986,84
Larue County,21123,14193,33
Hancock County,19081,11341,24
Knox County,21121,31883,107
Siskiyou County,06093,44900,77
Henry County,19087,20145,31
Nelson County,21179,43437,117
Hanson County,46061,3331,9
Clearfield County,42033,81642,126
Gadsden County,12039,46389,66
Clarion County,42031,39988,157
Hughes County,46065,17022,25
Belknap County,33001,60088,214
Hutchinson County,46067,7343,9
Clinton County,42035,39238,657
Escambia County,12033,297619,1258
Duval County,12031,864263,3666
Crawford County,42039,88765,225
Franklin County,12037,11549,40
Alfalfa County,40003,5642,6
Flagler County,12035,95696,216
Northumberland County,51133,12330,13
Northampton County,51131,12389,53
Orange County,51137,33481,65
Nottoway County,51135,15853,35
Appling County,13001,18236,36
Page County,51139,24042,79
Howard County,19089,9566,18
Atkinson County,13003,8375,8
Palo Alto County,19147,9421,17
Ware County,13299,36312,89
Jerome County,16053,22374,18
Union County,13291,21356,48
Schley County,13249,5010,7
Upson County,13293,27153,46
Walker County,13295,68756,158
Walton County,13297,83768,180
Putnam County,12107,74364,95
Wrangell City and Borough,02275,2369,1
Polk County,12105,602095,1703
Pinellas County,12103,916542,3381
Pasco County,12101,464697,984
St. Johns County,12109,190039,842
Genesee County,26049,425790,1331
Conway County,05029,21273,52
Delta County,26041,37069,88
Clay County,05021,16083,32
Dickinson County,26043,26168,47
Cleburne County,05023,25970,42
Eaton County,26045,107759,407
Cleveland County,05025,8689,12
Emmet County,26047,32694,96
Columbia County,05027,24552,91
Labette County,20099,21607,63
Jackson County,48239,14075,38
Johnson County,20091,544179,2247
Kearny County,20093,3977,5
Hutchinson County,48233,22150,37
Hunt County,48231,86129,276
Lowndes County,13185,109233,587
Lumpkin County,13187,29966,135
Lincoln County,13181,7996,24
Dale County,01045,50251,105
DeKalb County,01049,71109,156
McDuffie County,13189,21875,65
Albany County,36001,304204,1659
Allegany County,36003,48946,129
Bronx County,36005,1385108,3472
Broome County,36007,200600,771
Cattaraugus County,36009,80317,383
Pope County,05115,61754,218
Prairie County,05117,8715,15
Poinsett County,05111,24583,43
Polk County,05113,20662,25
McLennan County,48309,234906,1212
Pulaski County,05119,382748,1924
Sutton County,48435,4128,12
Swisher County,48437,7854,13
Calhoun County,26025,136146,463
Stonewall County,48433,1490,2
Tarrant County,48439,1809034,10035
Suwannee County,12121,41551,62
Donley County,48129,3677,16
DeWitt County,48123,20097,58
Denton County,48121,662614,3156
Charlevoix County,26029,25949,68
Dickens County,48125,2444,1
Colquitt County,13071,45498,106
Columbia County,13073,124053,334
Cook County,13075,17212,39
Coweta County,13077,127317,370
Mineral County,30061,4223,4
Crawford County,13079,12630,22
Tift County,13277,40118,124
Thomas County,13275,44720,106
Terrell County,13273,9315,17
Telfair County,13271,16500,13
Union County,45087,28961,68
Sumter County,45085,107456,261
Spartanburg County,45083,284307,1079
Toombs County,13279,27223,92
Marshall County,18099,47051,144
Lawrence County,18093,46134,94
LaPorte County,18091,111467,286
Marion County,18097,903393,5509
Madison County,18095,131636,422
Calhoun County,48057,21381,50
Caldwell County,48055,38066,122
Burnet County,48053,42750,115
Burleson County,48051,17187,35
Major County,40093,7527,14
McIntosh County,40091,20252,53
Mayes County,40097,41259,116
Marshall County,40095,15840,27
Harper County,20077,6034,11
Benton County,18007,8854,15
Yancey County,37199,17818,28
Greenwood County,20073,6689,13
Wilson County,37195,81234,254
Yadkin County,37197,38406,75
Wayne County,37191,122623,335
Wilkes County,37193,69340,104
Harvey County,20079,34684,104
Mineral County,08079,712,1
Parmer County,48369,10269,13
Las Animas County,08071,15507,22
Lincoln County,08073,5467,7
Logan County,08075,22709,32
Mesa County,08077,146723,342
Vigo County,18167,107848,530
Wilson County,20205,9409,10
Vermillion County,18165,16212,31
Vanderburgh County,18163,179703,842
Union County,18161,7516,17
Woodson County,20207,3309,6
Wabash County,18169,32888,118
Pitkin County,08097,17148,98
Phillips County,08095,4442,4
Park County,08093,16206,217
Ouray County,08091,4436,15
Washington County,20201,5799,12
Prowers County,08099,12551,29
Marion County,29127,28781,53
Runnels County,48399,10501,15
Maries County,29125,9176,8
Cherokee County,19035,12072,38
Madison County,29123,12226,12
Wichita County,20203,2234,5
Macon County,29121,15566,41
Edwards County,17047,6721,11
Mercer County,29129,3785,4
Camas County,16025,1117,1
San Saba County,48411,6131,14
Canyon County,16027,188923,331
Santa Fe County,35049,144170,384
San Juan County,35045,130044,238
San Miguel County,35047,29393,67
Roosevelt County,35041,19846,64
Sandoval County,35043,131561,321
Refugio County,48391,7383,41
Nemaha County,20131,10178,18
Winnebago County,55139,166994,534
Waushara County,55137,24496,21
Robertson County,48395,16622,39
Waupaca County,55135,52410,67
Waukesha County,55133,389891,1256
Washington County,55131,131887,260
Hale County,01065,15760,33
Kimball County,31105,3821,6
Knox County,31107,8701,8
Keith County,31101,8368,27
Keya Paha County,31103,824,3
Lancaster County,31109,285407,1284
Jones County,37103,10153,19
Campbell County,47013,40716,82
Bradley County,47011,98963,336
Carroll County,47017,28522,71
Cannon County,47015,13801,395
Atchison County,29005,5685,18
Carter County,47019,57424,109
Tuscarawas County,39157,92582,269
Shelby County,19165,12167,35
Trumbull County,39155,210312,641
Sioux County,19167,33704,88
Summit County,39153,541781,2395
Dickenson County,51051,15903,11
Stark County,39151,375586,1325
Scott County,19163,165224,642
Brown County,27015,25893,93
Carlton County,27017,35386,77
Big Stone County,27011,5269,14
Story County,19169,89542,1140
Blue Earth County,27013,64013,461
Clark County,53011,425363,1141
Brown County,55009,248007,959
Gilchrist County,12041,16939,22
Ashland County,55003,16157,31
Jasper County,28061,17062,26
Adams County,55001,20875,35
Christian County,29043,77422,149
Bayfield County,55007,15014,35
Barron County,55005,45870,65
De Soto Parish,22031,26656,56
East Baton Rouge Parish,22033,440171,2383
East Carroll Parish,22035,7759,5
East Feliciana Parish,22037,20267,35
Evangeline Parish,22039,33984,62
Colusa County,06011,21419,67
Contra Costa County,06013,1049025,2838
Del Norte County,06015,28610,45
El Dorado County,06017,181058,483
Fresno County,06019,930450,6059
Ringgold County,19159,5131,6
Fredericksburg city,51630,24286,234
Clark County,39023,138333,361
Adams County,16003,3976,1
Champaign County,39021,40097,88
Parker County,48367,116927,278
Clinton County,39027,42040,160
Bear Lake County,16007,5986,10
Clermont County,39025,197363,537
Bannock County,16005,82839,168
Pope County,27121,10995,25
Columbiana County,39029,107841,292
Benewah County,16009,9285,3
Red Lake County,27125,4089,6
Redwood County,27127,16059,39
Orange County,48361,81837,153
Livingston County,21139,9519,19
Leslie County,21131,11310,14
Branch County,26023,45248,115
Shannon County,46113,13586,38
Lincoln County,21137,24742,31
DeSoto County,12027,34862,37
Collier County,12021,321520,968
Washington County,42125,207820,776
Spink County,46115,6415,15
Williamsburg city,51830,14068,211
Dixie County,12029,16422,13
Jerauld County,46073,2071,7
Columbia County,36021,63096,176
Stanley County,46117,2966,21
Bedford County,42009,49762,132
Kittson County,27069,4552,14
Santa Clara County,06085,1781642,8843
Armstrong County,42005,68941,113
Lake County,46079,11200,40
Allegheny County,42003,1223348,7633
Adams County,42001,101407,330
Venango County,42121,54984,84
Nelson County,51125,15020,79
Warren County,42123,41815,58
Montgomery County,51121,94392,886
Bell County,48027,310235,865
Gregory County,46053,4271,9
Calhoun County,45017,15175,595
Harrison County,19085,14928,39
Bowman County,38011,3151,9
Baylor County,48023,3726,6
St. Lucie County,12111,277789,535
Santa Rosa County,12113,151372,331
Santa Barbara County,06083,423895,2092
Sarasota County,12115,379448,1089
Seminole County,12117,422718,1476
Sumter County,12119,93420,125
Hughes County,40063,14003,25
Hillsdale County,26059,46688,124
Williamson County,17199,66357,186
Will County,17197,677560,2099
Gogebic County,26053,16427,33
Whiteside County,17195,58498,110
Gladwin County,26051,25692,34
White County,17193,14665,30
Gratiot County,26057,42476,98
Wayne County,17191,16760,15
Grand Traverse County,26055,86986,353
Hays County,48209,157107,1645
Harrison County,48203,65631,156
Summit County,08117,27994,263
Harris County,48201,4092459,18801
Haskell County,48207,5899,12
Hartley County,48205,6062,11
Stark County,17175,5994,10
Stephenson County,17177,47711,93
Poweshiek County,19157,18914,65
Scott County,17171,5355,12
Jackson County,40065,26446,43
Shelby County,17173,22363,40
Lauderdale County,01077,92709,447
Lamar County,01075,14564,22
Henry County,01067,17302,30
Tazewell County,17179,135394,316
Jackson County,01071,53227,119
Patrick County,51141,18490,21
Montgomery County,48339,455746,1627
Montague County,48337,19719,55
Mitchell County,48335,9403,15
Mills County,48333,4936,13
Milam County,48331,24757,62
Taylor County,48441,131506,503
Dawson County,48115,13833,23
Dallas County,48113,2368139,15175
Dallam County,48111,6703,11
Titus County,48449,32334,98
Woods County,40151,8878,43
Delta County,48119,5231,15
Pocahontas County,19151,7310,22
Shackelford County,48417,3378,9
Fannin County,48147,33915,49
DeKalb County,13089,691893,3344
Dawson County,13085,22330,137
Decatur County,13087,27842,68
Crisp County,13081,23439,61
Dade County,13083,16633,57
St. Clair County,26147,163040,487
Tompkins County,36109,101564,607
Rabun County,13241,16276,60
Rockdale County,13247,85215,289
Richmond County,13245,200549,895
Steuben County,36101,98990,222
Suffolk County,36103,1493350,6750
Holt County,29087,4912,18
Sullivan County,36105,77547,240
Tioga County,36107,51125,94
Garden County,31069,2057,3
Camp County,48063,12401,26
Cameron County,48061,406220,1371
Cass County,48067,30464,44
Carson County,48065,6182,16
Marshall County,28093,37144,86
Reeves County,48389,13783,34
Doniphan County,20043,7945,32
Dickinson County,20041,19754,33
Edwards County,20047,3037,7
Douglas County,20045,110826,1094
Watauga County,37189,51079,596
Washington County,37187,13228,32
Elk County,20049,2882,4
Warren County,37185,20972,47
Wake County,37183,900993,5905
Vance County,37181,45422,97
Marshall County,01095,93019,270
Mobile County,01097,412992,1421
Marengo County,01091,21027,57
Franklin County,31061,3225,3
Marion County,01093,30776,61
Monroe County,01099,23068,33
Warren County,18171,8508,13
Warrick County,18173,59689,136
Washington County,18175,28262,45
Wayne County,18177,68917,212
Wells County,18179,27636,42
Jackson County,54035,29211,66
Jefferson County,54037,53498,187
Hardy County,54031,14025,32
Harrison County,54033,69099,202
Kanawha County,54039,193063,836
Miller County,29131,24748,186
Mississippi County,29133,14358,30
Moniteau County,29135,15607,16
Lee County,45061,19220,52
Montgomery County,29139,12236,33
Kosciusko County,18085,77358,234
Lexington County,45063,262391,921
Johnson County,18081,139654,477
Knox County,18083,38440,131
Lake County,18089,496005,1531
McCormick County,45065,10233,14
Blaine County,31009,478,2
Payne County,40119,77350,730
Union County,35059,4549,8
Arthur County,31005,460,1
Torrance County,35057,16383,45
Banner County,31007,690,2
Marion County,45067,33062,92
Adams County,31001,31364,101
Socorro County,35053,17866,105
Antelope County,31003,6685,7
Sierra County,35051,11988,24
Wright County,19197,13229,27
Marlboro County,45069,28933,53
Ottawa County,40115,31848,95
Washburn County,55129,15911,34
District of Columbia,11001,601723,10157
Coryell County,48099,75388,151
Trempealeau County,55121,28816,63
Vernon County,55123,29773,36
Vilas County,55125,21430,37
Walworth County,55127,102228,435
Lowndes County,28087,59779,205
Lincoln County,28085,34869,58
Valley County,31175,4260,6
Lee County,28081,82910,369
Wayne County,31179,9595,61
Madison County,28089,95203,662
Blount County,47009,123010,391
Benton County,47005,16489,27
Bledsoe County,47007,12876,11
Anderson County,47001,75129,192
Bedford County,47003,45058,92
Lee County,19111,35862,46
Calumet County,55015,48971,88
Linn County,19113,211226,774
Sandusky County,39143,60944,247
Louisa County,19115,11387,28
Scioto County,39145,79499,214
Buchanan County,51027,24098,29
Burnett County,55013,15457,41
Lyon County,19119,11581,21
Beltrami County,27007,44442,201
Becker County,27005,32504,56
Clark County,55019,34690,46
Aitkin County,27001,16202,182
Clark County,46025,3691,13
Essex County,51057,11151,28
Carver County,27019,91042,358
Salt Lake County,49035,1029655,4291
Sac County,19161,10350,15
Rich County,49033,2264,4
Dinwiddie County,51053,28001,52
Scott County,27139,129928,567
Cass County,19029,13956,39
Defiance County,39039,39037,114
Elmore County,16039,27038,32
Calhoun County,19025,9670,17
Cuyahoga County,39035,1280122,6465
Carroll County,19027,20816,44
Rice County,27131,64142,188
Buena Vista County,19021,20260,68
St. Louis County,27137,200226,879
Cassia County,16031,22952,18
Crawford County,39033,43784,73
Lucas County,39095,441815,1883
Suffolk city,51800,84585,230
Fairfax County,51059,1081726,4877
Hendry County,12051,39140,64
Hernando County,12053,172778,270
Highlands County,12055,98786,111
Union County,39159,52300,139
Hillsborough County,12057,1229226,6773
Holmes County,12059,19927,23
Logan County,39091,45858,118
Butler County,42019,183862,740
Faulk County,46049,2364,3
Fall River County,46047,7094,9
Berks County,42011,411442,1308
Edmunds County,46045,4071,10
Blair County,42013,127089,326
Douglas County,46043,3002,4
Bradford County,42015,62622,104
Dewey County,46041,5301,18
Bucks County,42017,625249,2206
Richmond County,51159,9254,24
Nacogdoches County,48347,64524,362
Prince William County,51153,402002,1538
Pulaski County,51155,34872,89
Rappahannock County,51157,7373,7
Motley County,48345,1210,3
Morris County,48343,12934,17
Harrison County,21097,18846,33
Harlan County,21095,29278,58
Hardin County,21093,105543,652
Hancock County,21091,8565,16
Moore County,48341,21904,25
Covington city,51580,5961,14
Hart County,21099,18199,28
Ionia County,26067,63905,105
Nevada County,05099,8997,21
Ingham County,26065,280895,2429
Huron County,26063,33118,68
Houghton County,26061,36628,126
Iosco County,26069,25887,52
Washington County,17189,14716,42
Union County,17181,17808,29
Vermilion County,17183,81625,286
Wabash County,17185,11947,17
Warren County,17187,17707,64
Hoke County,37093,46952,93
Sangamon County,17167,197465,734
Saline County,17165,24913,58
St. Clair County,17163,270056,871
Rock Island County,17161,147546,502
Geneva County,01061,26790,31
Winston County,01133,24484,41
Mississippi County,05093,46480,131
Schuyler County,17169,7544,9
Hinsdale County,08053,843,1
Cass County,17017,13642,25
Midland County,48329,136872,383
Roane County,54087,14926,30
Matagorda County,48321,36702,74
Maverick County,48323,54258,220
Medina County,48325,46006,161
Menard County,48327,2242,5
Travis County,48453,1024266,10173
Tom Green County,48451,110224,348
Tyler County,48457,21766,25
Trinity County,48455,14585,37
Culberson County,48109,2398,9
Upshur County,48459,39309,45
Early County,13099,11008,29
Douglas County,13097,132403,439
Dougherty County,13095,94565,446
Dooly County,13093,14918,32
Dodge County,13091,21796,36
Hidalgo County,48215,774769,2714
Westchester County,36119,949113,4248
Stewart County,13259,6058,13
Henderson County,48213,78532,174
Spalding County,13255,64073,153
Ulster County,36111,182493,881
Screven County,13251,14593,31
Washington County,36115,63216,112
Jefferson County,20087,19126,32
Cochran County,48079,3127,3
Childress County,48075,7041,10
Clay County,48077,10752,25
Greer County,40055,6239,5
Chambers County,48071,35096,117
Cherokee County,48073,50845,58
Harford County,24025,244826,785
Adams County,53001,18728,47
Howard County,24027,287085,1266
Frederick County,24021,233385,880
Franklin County,20059,25992,67
Garrett County,24023,30097,92
Finney County,20055,36776,116
Ford County,20057,33848,128
Kent County,24029,20197,72
Ellis County,20051,28452,191
Ellsworth County,20053,6497,13
Wagoner County,40145,73085,153
Washington County,40147,50976,115
Limestone County,01083,82782,267
Lee County,01081,140247,1345
Alcona County,26001,10942,18
Washita County,40149,11629,173
Madison County,01089,334811,1439
Alger County,26003,9601,17
Jackson County,20085,13462,31
Whitley County,18183,33292,76
Hampshire County,54027,23964,28
Greenbrier County,54025,35480,113
Grant County,54023,11937,12
Gilmer County,54021,8693,13
Florence County,55037,4423,5
Deer Lodge County,30023,9298,6
Hancock County,54029,30676,76
Asotin County,53003,21623,15
Yakutat City and Borough,02282,662,6
Chouteau County,30015,5813,3
Custer County,30017,11699,18
Carter County,30011,1160,1
Cascade County,30013,81327,142
Warren County,34041,108692,382
Brown County,31017,3145,6
Valencia County,35061,76569,71
Boyd County,31015,2099,1
Daniels County,30019,1751,3
Box Butte County,31013,11308,20
Boone County,31011,5505,17
Zavala County,48507,11677,57
Musselshell County,30065,4538,2
Renville County,27129,15730,20
Mahnomen County,27087,5413,13
Kennebec County,23011,122151,299
Sherman County,31163,3152,4
Knox County,23013,39736,85
Ada County,16001,392365,1279
Lincoln County,23015,34457,62
Monroe County,28095,36989,61
Oxford County,23017,57833,119
Montgomery County,28097,10925,35
Penobscot County,23019,153923,507
Neshoba County,28099,29676,79
Thayer County,31169,5228,9
Haskell County,20081,4256,10
Henry County,47079,32330,53
Hardin County,47071,26026,42
Hawkins County,47073,56833,92
Haywood County,47075,18787,38
Ramsey County,27123,508640,2817
Henderson County,47077,27769,50
Kewaunee County,55061,20574,29
Johnson County,19103,130882,1207
La Crosse County,55063,114638,461
Campbell County,51031,54842,172
Lafayette County,55065,16836,19
Keokuk County,19107,10511,15
Langlade County,55067,19977,15
Jones County,19105,20638,33
Lincoln County,55069,28743,37
Poquoson city,51735,12150,21
Cook County,27031,5176,55
Kossuth County,19109,15543,30
Dakota County,27037,398552,1326
Crow Wing County,27035,62500,216
Clarke County,13059,116714,1385
Loudon County,47105,48556,149
McMinn County,47107,52266,140
Lewis County,47101,12161,22
Lincoln County,47103,33361,79
McNairy County,47109,26075,40
Norman County,27107,6852,11
Nobles County,27105,21378,59
Nicollet County,27103,32727,129
Murray County,27101,8725,15
Douglas County,29067,13684,9
Olmsted County,27109,144248,583
Franklin County,39049,1163414,7313
Caribou County,16029,6963,6
Clarke County,19039,9286,18
Delaware County,39041,174214,810
Chickasaw County,19037,12439,17
Erie County,39043,77079,992
Butte County,16023,2891,5
Fairfield County,39045,146156,433
Cerro Gordo County,19033,44151,149
Fayette County,39047,29030,95
Cedar County,19031,18499,50
Virginia Beach city,51810,437994,1824
Letcher County,21133,24519,35
Hancock County,13141,9429,21
Washington County,12133,24896,26
Lewis County,21135,13870,21
Glades County,12043,12884,14
Haralson County,13143,28780,66
Hamilton County,12047,14799,43
Gulf County,12045,15863,40
Hardee County,12049,27731,30
La Paz County,04012,20489,84
Harris County,13145,32024,79
Hand County,46059,3431,7
Grant County,46051,7356,15
Hart County,13147,25213,60
Haakon County,46055,1937,3
Hamlin County,46057,5903,9
Prince George County,51149,35725,185
Bibb County,01007,22915,33
Pittsylvania County,51143,63506,119
Dunklin County,29069,31953,64
Prince Edward County,51147,23368,139
Powhatan County,51145,28046,54
Seward County,20175,22952,87
Walton County,12131,55043,482
Columbia County,12023,67531,126
Sullivan County,33019,43742,59
Grant County,21081,24662,57
Graves County,21083,37121,102
Grayson County,21085,25746,46
Green County,21087,11258,23
Greenup County,21089,36910,86
Iron County,26071,11817,16
Isabella County,26073,70311,778
Jackson County,26075,160248,523
Kalamazoo County,26077,250331,1445
Rio Blanco County,08103,6666,8
Kalkaska County,26079,17153,26
Fentress County,47049,17959,12
Lewis County,36049,27087,35
Floyd County,51063,15279,37
Pulaski County,17153,6161,13
Pope County,17151,4470,4
Jackson County,46071,3031,10
Randolph County,17157,33476,42
Putnam County,17155,6006,7
Grayson County,48181,120877,327
Miller County,05091,43462,109
Richland County,17159,16233,32
Monroe County,05095,8149,24
Montgomery County,05097,9487,15
Kingsbury County,46077,5148,11
Gregg County,48183,121730,368
Wilkinson County,13319,9563,850
Wilcox County,13315,9255,11
Wilkes County,13317,10593,25
Jones County,46075,1006,3
White County,13311,27144,143
Whitfield County,13313,102599,246
Hamilton County,36041,4836,23
Jefferson County,17081,38827,102
Beaver County,42007,170539,511
Jersey County,17083,22985,43
Jo Daviess County,17085,22678,59
Yell County,05149,22185,21
Kane County,17089,515269,1558
White County,05145,77076,201
Guadalupe County,48187,131533,411
Washington County,05143,203065,1160
Van Buren County,05141,17295,18
Freeborn County,27047,31255,65
Sullivan County,29211,6714,9
Victoria County,48469,86793,281
Van Zandt County,48467,52579,111
Val Verde County,48465,48879,100
Uvalde County,48463,26405,90
Upton County,48461,3355,6
Meade County,20119,4575,10
Marion County,20115,12660,27
Marshall County,20117,10117,15
Lyon County,20111,33690,150
McPherson County,20113,29180,124
Yates County,36123,25348,77
Wyoming County,36121,42155,90
Kenedy County,48261,416,8
Kent County,48263,808,2
Kerr County,48265,49625,103
Kimble County,48267,4607,15
Oglethorpe County,13221,14899,25
Paulding County,13223,142324,280
Peach County,13225,27695,166
Pickens County,13227,29431,84
Garvin County,40049,27576,68
Addison County,50001,36821,109
Ellis County,40045,4151,7
Garfield County,40047,60580,144
Delaware County,40041,41487,73
Dewey County,40043,4810,11
Archer County,48009,9054,23
Anderson County,48001,58458,84
Andrews County,48003,14786,27
Angelina County,48005,86771,233
Aransas County,48007,23158,58
Cloud County,20029,9533,19
St. Mary's County,24037,105151,302
Queen Anne's County,24035,47798,192
Prince George's County,24033,863420,4280
Galveston County,48167,291309,1272
Cherokee County,20021,21603,40
Cheyenne County,20023,2726,4
Clark County,20025,2215,1
Clay County,20027,8535,13
Somerset County,24039,26470,76
Gwinnett County,13135,805321,3287
Seminole County,40133,25482,60
Sequoyah County,40135,42391,84
Stephens County,40137,45048,63
Iron County,55051,5916,20
Texas County,40139,20640,48
Hall County,13139,179684,649
Jackson County,55053,20449,41
Wahkiakum County,53069,3978,4
Calhoun County,54013,7627,13
Cabell County,54011,96319,582
Doddridge County,54017,8202,15
Clay County,54015,9386,11
Fayette County,54019,46039,147
Wichita County,48485,131500,528
Wilbarger County,48487,13535,38
Wharton County,48481,41280,84
Wheeler County,48483,5410,14
Burleigh County,38015,81308,261
Powder River County,30075,1743,1
Cass County,38017,149778,888
Fulton County,05049,12245,17
Willacy County,48489,22134,43
Burke County,38013,1968,6
McDonough County,17109,32612,220
Garza County,48169,6461,16
Broadwater County,30007,5612,9
Chase County,31029,3966,8
Blaine County,30005,6491,3
Big Horn County,30003,12865,18
Beaverhead County,30001,9246,23
Butler County,31023,8395,10
Johnson County,56019,8569,10
Burt County,31021,6858,18
Cedar County,31027,8852,11
Cass County,31025,25241,92
Carbon County,30009,10078,16
Dodge County,55027,88759,126
Montgomery County,24031,971777,3920
Comanche County,20033,1891,4
Aroostook County,23003,71870,102
Androscoggin County,23001,107702,306
Kemper County,28069,10456,31
Franklin County,23007,30768,82
Seward County,31159,16750,62
Cumberland County,23005,281674,1441
Scotts Bluff County,31157,36970,68
Jones County,28067,67761,137
Hancock County,23009,54418,171
Sarpy County,31153,158840,564
Jefferson County,28063,7726,15
Chisago County,27025,53887,140
Clay County,27027,58999,247
Cass County,27021,28567,88
Chippewa County,27023,12441,84
Hamblen County,47063,62544,156
Grundy County,47061,13703,28
Clearwater County,27029,8695,14
Staunton city,51790,23746,99
Marathon County,55073,134063,510
Manitowoc County,55071,81442,180
Marquette County,55077,15404,19
Muscatine County,19139,42745,120
Marinette County,55075,41749,97
Montgomery County,19137,10740,15
Menominee County,55078,4232,12
Milwaukee County,55079,947735,4697
Monona County,19133,9243,42
Chesapeake city,51550,222209,698
Mitchell County,19131,10776,19
Washington County,50023,59534,210
Rutland County,50021,61642,227
Windsor County,50027,56670,195
Windham County,50025,44513,171
Greene County,13133,15994,77
Marshall County,47117,30617,75
Marion County,47115,28237,104
Madison County,47113,98294,356
Butts County,13035,23655,48
Maury County,47119,80956,259
Otter Tail County,27111,57303,157
Pennington County,27113,13930,53
Pine County,27115,29750,68
Pipestone County,27117,9596,20
Polk County,27119,31600,104
Bulloch County,13031,70217,682
Pontotoc County,28115,29957,81
Prentiss County,28117,25276,66
Guernsey County,39059,40087,148
Perry County,28111,12250,11
Pike County,28113,40404,62
Adams County,19003,4029,5
Gallia County,39053,30934,70
Adair County,19001,7682,33
Fulton County,39051,42698,118
Quitman County,28119,8223,13
Greene County,39057,161573,771
Allamakee County,19005,14330,24
Geauga County,39055,93389,246
Ketchikan Gateway Borough,02130,13477,10
Madison County,12079,19224,38
Liberty County,12077,8365,8
Levy County,12075,40801,82
Leon County,12073,275487,2448
Lee County,12071,618754,1939
Spotsylvania County,51177,122397,373
Missaukee County,26113,14849,36
Southampton County,51175,18570,29
Smyth County,51173,32208,44
Shenandoah County,51171,41993,112
Midland County,26111,83629,228
Stafford County,51179,128961,352
Salem city,51775,24802,103
Montour County,42093,18267,54
Roanoke city,51770,97032,386
Montcalm County,26117,63342,101
Lincoln County,46083,44828,153
Lawrence County,46081,24097,93
McCook County,46087,5618,10
Garfield County,49017,5172,18
Lyman County,46085,3755,21
Wayne County,49055,2778,11
Ness County,20135,3107,6
Weber County,49057,231236,481
Wasatch County,49051,23530,69
Washington County,49053,138115,414
Garrard County,21079,16912,19
Butler County,19023,14867,18
Fulton County,21075,6813,17
Gallatin County,21077,8589,27
Floyd County,21071,39451,112
Montmorency County,26119,9765,23
Franklin County,21073,49285,233
Leelanau County,26089,21708,458
Lake County,26085,11539,25
Lapeer County,26087,88319,191
Kent County,26081,602622,2955
Keweenaw County,26083,2156,9
Franklin County,50011,47746,101
Todd County,21219,12460,13
Marion County,05089,16653,22
Pike County,17149,16430,28
Shelby County,21211,42074,118
Perry County,17145,22350,39
Simpson County,21213,17327,48
Piatt County,17147,16729,45
Spencer County,21215,17061,23
Ogle County,17141,53497,111
Taylor County,21217,24512,110
Lonoke County,05085,68356,97
Owsley County,21189,4755,4
Wheeler County,13309,7421,13
Nicholas County,21181,7135,12
Webster County,13307,2799,6
Ohio County,21183,23842,38
Wayne County,13305,30099,30
Oldham County,21185,60316,184
Washington County,13303,21187,37
Owen County,21187,10841,17
Warren County,13301,5834,20
Orange County,12095,1145956,13292
Kendall County,17093,114736,326
Osceola County,12097,268685,1656
Kankakee County,17091,113449,382
Okaloosa County,12091,180822,676
Lake County,17097,703462,2590
Okeechobee County,12093,39996,71
Knox County,17095,52919,112
LaSalle County,17099,113924,282
Palm Beach County,12099,1320134,4444
Webb County,48479,250304,907
Walker County,48471,67861,418
Waller County,48473,43205,332
Ward County,48475,10658,25
Washington County,48477,33718,141
Williams County,39171,37642,100
Logan County,20109,2756,8
Cavalier County,38019,3993,7
Lincoln County,20105,3241,9
Leavenworth County,20103,76227,222
Lane County,20101,1750,4
Page County,19145,15932,24
Wyandot County,39175,22615,40
Osceola County,19143,6462,11
Kleberg County,48273,32061,194
Quitman County,13239,2513,3
Lamar County,48277,49793,119
Knox County,48275,3719,4
Polk County,13233,41475,89
Pike County,13231,17869,36
Putnam County,13237,21218,64
Pulaski County,13235,12010,19
Sherman County,41055,1765,4
Tillamook County,41057,25250,87
Washington County,44009,126979,801
Lawrence County,01079,34339,103
Polk County,41053,75403,181
Harper County,40059,3685,14
Newport County,44005,82888,568
Harmon County,40057,2922,4
Providence County,44007,626667,3552
Yuma County,08125,10043,10
Bristol County,44001,49875,210
Weld County,08123,252825,598
Kent County,44003,166158,835
Grady County,40051,52431,130
Bandera County,48019,20485,27
Jefferson County,29099,218733,409
Jasper County,29097,117404,330
Atascosa County,48013,44911,115
Jackson County,29095,674158,3919
Armstrong County,48011,1901,4
Iron County,29093,10630,11
Bailey County,48017,7165,6
Howell County,29091,40400,58
Austin County,48015,28417,79
Anne Arundel County,24003,537656,2768
Allegany County,24001,75087,249
Decatur County,20039,2961,3
Baltimore County,24005,805029,3225
Jefferson County,01073,658466,3532
Calvert County,24009,88737,237
Coffey County,20031,8601,19
Crawford County,20037,39134,157
Cowley County,20035,36311,118
Haywood County,37087,59036,148
Glynn County,13127,79626,359
Harnett County,37085,114678,333
Pittsburg County,40121,45837,92
Halifax County,37083,54691,101
Gilmer County,13123,28292,143
Guilford County,37081,488406,2403
Pottawatomie County,40125,69442,231
Roger Mills County,40129,3647,5
Henderson County,37089,106740,277
Gordon County,13129,55186,112
Brooke County,54009,24069,81
Boone County,54005,24629,40
Braxton County,54007,14523,32
Barbour County,54001,16589,38
Berkeley County,54003,104169,277
Wise County,48497,59127,154
Winkler County,48495,7110,7
Wilson County,48493,42918,103
Williamson County,48491,422679,1722
Billings County,38007,783,4
Benson County,38005,6660,17
Barnes County,38003,11066,54
Wood County,48499,41964,72
Day County,46037,5710,14
Greene County,01063,9045,23
Gallatin County,30031,89513,278
Glacier County,30035,13399,16
Granite County,30039,3079,6
Delaware County,18035,117671,795
Dubois County,18037,41889,81
Decatur County,18031,25740,61
DeKalb County,18033,42223,112
Elkhart County,18039,197559,517
Gentry County,29075,6738,10
Rock County,31149,1526,3
Greene County,29077,275174,1200
Franklin County,29071,101492,170
Gasconade County,29073,15222,23
Leake County,28079,23805,21
Lawrence County,28077,12929,18
Lauderdale County,28075,80261,256
Grundy County,29079,10261,17
Lamar County,28073,55658,221
York County,23031,197131,723
Lafayette County,28071,47351,1269
Grainger County,47057,22657,35
Giles County,47055,29485,86
Gibson County,47053,49683,107
Franklin County,47051,41052,94
Greene County,47059,68831,153
Grant County,27051,6018,13
Hennepin County,27053,1152425,8438
Houston County,27055,19027,37
Hubbard County,27057,20428,45
Callahan County,48059,13544,23
Orange County,50017,28936,92
Mills County,19129,15059,32
Lamoille County,50015,24475,117
Grand Isle County,50013,6970,16
Umatilla County,41059,75889,117
Green Lake County,55047,19051,29
Appomattox County,51011,14973,41
Green County,55045,36842,50
Arlington County,51013,207627,1991
Grant County,55043,51208,123
Augusta County,51015,73750,189
Charlottesville city,51540,43475,364
Marshall County,19127,40648,92
Bernalillo County,35001,662564,2360
Clay County,31035,6542,13
Catron County,35003,3725,5
Colfax County,31037,10515,24
Chaves County,35005,65645,133
Cherry County,31031,5713,16
Colfax County,35007,13750,33
Cibola County,35006,27213,48
Curry County,35009,48376,90
Cuming County,31039,9139,16
Deaf Smith County,48117,19372,32
Tripp County,46123,5644,19
Pierce County,13229,18758,30
Terrell County,48443,984,1
Turner County,46125,8347,13
Monroe County,47123,44519,100
Meigs County,47121,11753,9
Moore County,47127,6362,34
Montgomery County,47125,172331,573
Terry County,48445,12651,11
Morgan County,47129,21987,31
Lassen County,06035,34895,44
Harrison County,39067,15864,34
Boone County,19015,26306,83
Hardin County,39065,32058,98
Bremer County,19017,24276,94
Hancock County,39063,74782,278
Benton County,19011,26076,56
Hamilton County,39061,802374,4276
Black Hawk County,19013,131090,770
Buchanan County,19019,20958,42
Henry County,39069,28215,94
Panola County,28107,34707,108
Oktibbeha County,28105,47671,521
Noxubee County,28103,11545,21
Newton County,28101,21720,72
Adams County,39001,28550,53
Laurens County,13175,48434,125
Pearl River County,28109,55834,101
Allen County,39003,106331,446
Sterling County,48431,1143,7
Lake County,12069,297052,668
Indian River County,12061,138028,308
Jackson County,12063,49746,102
Falls Church city,51610,12332,98
Lafayette County,12067,8870,6
Roanoke County,51161,92376,244
Rockbridge County,51163,22307,177
Rockingham County,51165,76314,284
Russell County,51167,28897,36
Scott County,51169,23177,33
Taney County,29213,51675,270
Richmond city,51760,204214,1616
Texas County,29215,26008,14
Minnehaha County,46099,169468,740
Utah County,49049,516564,1730
Uintah County,49047,32588,36
Tooele County,49045,58218,105
Summit County,49043,36324,259
Sevier County,49041,20802,30
Fleming County,21069,14348,24
Fayette County,21067,295803,2361
Estill County,21065,14672,19
Elliott County,21063,7852,5
Edmonson County,21061,12161,20
Macomb County,26099,840978,2732
Mackinac County,26097,11113,87
Luce County,26095,6631,6
Livingston County,26093,180967,584
Lenawee County,26091,99892,321
Sioux County,38085,4153,12
Polk County,29167,31137,49
Brule County,46015,5255,19
Knott County,21119,16346,39
Moultrie County,17139,14846,35
Jefferson Davis County,28065,12487,23
Scott County,21209,47173,213
Millard County,49027,12503,21
Mercer County,17131,16434,31
Rockcastle County,21203,17056,42
Monroe County,17133,32957,80
Robertson County,21201,2282,4
Montgomery County,17135,30104,61
Russell County,21207,17565,30
Morgan County,17137,35547,99
Rowan County,21205,23333,133
Pulaski County,21199,63063,149
Perry County,21193,28712,87
Pendleton County,21191,14877,32
Powell County,21197,12613,49
Pike County,21195,65024,205
Miami-Dade County,12086,2496435,17977
Monroe County,12087,73090,827
Martin County,12085,146318,374
Marion County,12083,331298,570
Manatee County,12081,322833,823
Stark County,38089,24199,76
Nassau County,12089,73314,225
Edgar County,17045,18576,31
Osage County,20139,16295,41
Douglas County,17041,19980,46
DuPage County,17043,916924,3557
Neosho County,20133,16512,38
Roberts County,48393,929,5
Effingham County,17049,34242,132
Rockwall County,48397,78337,295
Monroe County,13207,26424,74
Randolph County,13243,7719,17
Mitchell County,13205,23498,42
Miller County,13201,6125,14
Phillips County,30071,4253,2
Montgomery County,13209,9123,24
Jones County,13169,28669,36
Jim Wells County,48249,40838,123
Jim Hogg County,48247,5300,18
Jefferson County,48245,252273,825
Jeff Davis County,48243,2342,11
Jasper County,48241,35710,51
Berkeley County,45015,177843,507
Marion County,41047,315335,891
Teller County,08119,23350,42
Malheur County,41045,31313,42
Barnwell County,45011,22621,45
Linn County,41043,116672,272
Beaufort County,45013,162233,715
Lincoln County,41041,46034,139
San Miguel County,08113,7359,31
San Juan County,08111,699,7
Charleston County,45019,350209,2710
Bexar County,48029,1714773,9583
Morrow County,41049,11173,14
Barber County,20007,4861,4
Howard County,29089,10144,37
Atchison County,20005,16924,60
Buffalo County,46017,1912,5
Anderson County,20003,8102,12
Allen County,20001,13371,39
Calhoun County,13037,6694,8
Harrison County,29081,8957,14
Henry County,29083,22272,41
Hickory County,29085,9627,8
Barton County,20009,27674,95
Saginaw County,26145,200169,808
Dorchester County,24019,32618,107
Cecil County,24015,101108,310
Charles County,24017,146551,523
Caroline County,24011,33066,60
Jefferson County,12065,14761,33
Carroll County,24013,167134,428
Fayette County,13113,106567,379
Hertford County,37091,24669,52
Fannin County,13111,23682,99
Hardeman County,47069,27253,39
Forsyth County,13117,175511,595
Hyde County,37095,5810,19
Floyd County,13115,96317,373
Iredell County,37097,159437,578
Pawnee County,40117,16577,32
Jackson County,37099,40271,211
Franklin County,13119,22084,49
Jenkins County,13165,8340,24
Osage County,40113,47472,99
Okmulgee County,40111,40069,63
Windham County,09015,118428,445
Butte County,46019,10110,13
Putnam County,54079,55486,157
Pendleton County,54071,7695,15
Santa Cruz County,04023,47420,335
Pleasants County,54073,7605,20
Pocahontas County,54075,8719,13
Preston County,54077,33520,45
Griggs County,38039,2420,8
Pinal County,04021,375770,676
Golden Valley County,38033,1680,23
Foster County,38031,3343,10
McDowell County,54047,22113,26
Grant County,38037,2394,1
Grand Forks County,38035,66861,519
Hancock County,47067,6819,1
Cheyenne County,08017,1836,4
Hamilton County,47065,336463,1702
Hunterdon County,34019,128349,386
Flathead County,30029,90928,144
Cumberland County,34011,156898,518
Fallon County,30025,2890,3
Essex County,34013,783969,4649
Fergus County,30027,11586,2
Gloucester County,34015,288288,1463
Dawson County,30021,8966,15
Hudson County,34017,634266,3410
Burke County,13033,23316,39
Wirt County,54105,5717,9
Daviess County,18027,31648,49
Wood County,54107,86956,333
Crawford County,18025,10713,28
Webster County,54101,9154,10
Clinton County,18023,33224,64
Wetzel County,54103,16583,32
Clay County,18021,26890,83
Wyoming County,54109,23796,68
Dearborn County,18029,50047,126
Williams County,38105,22398,85
Wells County,38103,4207,13
Amherst County,51009,32353,66
Ward County,38101,61675,214
Washington County,23029,32856,35
Hinds County,28049,245285,964
Dent County,29065,15657,10
DeKalb County,29063,12892,16
Daviess County,29061,8433,23
Grenada County,28043,21906,80
Piscataquis County,23021,17535,72
Greene County,28041,14400,12
Sagadahoc County,23023,35293,92
Harrison County,28047,187105,724
Alleghany County,51005,16250,53
Hancock County,28045,43929,92
Waldo County,23027,38786,65
DeKalb County,47041,18723,34
Dickson County,47043,49666,146
Dyer County,47045,38335,90
Fayette County,47047,38413,67
Albemarle County,51003,98970,620
LaMoure County,38045,4139,10
Faribault County,27043,14553,18
Douglas County,27041,36009,130
Accomack County,51001,33164,98
Fillmore County,27045,20866,43
Webster County,21233,13621,16
Goodhue County,27049,46183,134
Castro County,48069,8062,18
Kenosha County,55059,166426,584
Bennington County,50003,37125,147
Caledonia County,50005,31227,62
Chittenden County,50007,156545,959
Essex County,50009,6306,4
Colonial Heights city,51570,17411,118
Jefferson County,55055,83686,158
Juneau County,55057,26664,41
Custer County,31041,10939,82
Doa Ana County,35013,209233,672
Dakota County,31043,21006,101
De Baca County,35011,2022,3
Dawes County,31045,9182,40
Grant County,35017,29514,67
Dawson County,31047,24326,46
Eddy County,35015,53829,125
Deuel County,31049,1941,3
Guadalupe County,35019,4687,11
Lynchburg city,51680,75568,701
Manassas city,51683,37821,133
Manassas Park city,51685,14273,25
Polk County,47139,16825,47
Perry County,47135,7915,14
Pickett County,47137,5077,7
Obion County,47131,31807,61
Overton County,47133,22083,17
Dubuque County,19061,93653,325
Highland County,39071,43589,75
Emmet County,19063,10302,35
Hocking County,39073,29380,85
Fayette County,19065,20880,70
Holmes County,39075,42366,68
Floyd County,19067,16303,32
Huron County,39077,59626,171
Franklin County,19069,10680,23
Jackson County,39079,33225,69
Sunflower County,28133,29450,36
Stone County,28131,17786,45
Tate County,28137,28886,68
Tallahatchie County,28135,15378,12
Tippah County,28139,22232,46
Emanuel County,13107,22598,72
Chippewa County,55017,62415,78
Stone County,05137,12394,18
Tangipahoa Parish,22105,121097,453
York County,51199,65464,219
Ben Hill County,13017,17634,18
Wise County,51195,41452,93
Wythe County,51197,29235,88
Tensas Parish,22107,5252,4
Washington County,51191,54876,139
Dickinson County,19059,16667,52
Westmoreland County,51193,17454,40
Red River Parish,22081,9091,9
Richland Parish,22083,20725,52
Radford city,51750,16408,211
Sabine Parish,22085,24233,44
St. Bernard Parish,22087,35897,102
Iowa County,19095,16355,52
St. Charles Parish,22089,52780,162
Canadian County,40017,115541,297
Gem County,16045,16719,14
Caddo County,40015,29600,73
Clare County,26035,30926,58
Humboldt County,19091,9815,15
Daviess County,21059,96656,266
Clinton County,21053,10272,15
Clay County,21051,21730,33
Ida County,19093,7089,10
Cumberland County,21057,6856,6
Crittenden County,21055,9315,17
Presque Isle County,26141,13376,18
Wolfe County,21237,7355,14
Whitley County,21235,35637,110
Pacific County,53049,20920,35
Wayne County,21231,20813,21
Mason County,53045,60699,59
Okanogan County,53047,41120,36
Macon County,47111,22248,24
Lewis County,53041,75455,164
Woodford County,21239,24939,106
Menard County,17129,12705,26
Worth County,13321,21679,41
Marshall County,17123,12640,36
Marion County,17121,39437,82
Massac County,17127,15429,31
Mason County,17125,14666,18
Oscoda County,26135,8640,12
Cullman County,01043,80406,228
Otsego County,26137,24164,53
Ontonagon County,26131,6780,12
Osceola County,26133,23528,27
Ottawa County,26139,263801,989
Montgomery County,20125,35471,126
Morris County,20127,5923,9
Miami County,20121,32787,87
Mitchell County,20123,6373,17
Woodruff County,05147,7260,11
Morton County,20129,3233,2
Fulton County,17057,37069,48
Franklin County,17055,39561,79
Ford County,17053,14081,43
Fayette County,17051,22140,41
Reagan County,48383,3367,9
Randall County,48381,120725,285
Red River County,48387,12860,16
Real County,48385,3309,6
Morgan County,13211,17868,70
King County,53033,1931249,12388
Muscogee County,13215,189885,802
Newton County,13217,99958,272
Oconee County,13219,32808,163
Pierce County,38069,4357,9
Crenshaw County,01041,13906,31
Kitsap County,53035,251133,517
Kendall County,48259,33410,115
Johnson County,48251,150934,351
Chippewa County,26033,38520,134
Karnes County,48255,14824,45
Kaufman County,48257,103350,305
Anderson County,45007,187126,650
Yamhill County,41071,99193,209
Borden County,48033,641,3
Aiken County,45003,160099,416
Abbeville County,45001,25417,77
Brazoria County,48039,313166,956
Menominee County,26109,24029,40
Bamberg County,45009,15987,35
Bourbon County,20011,15173,26
Brown County,20013,9984,30
Butler County,20015,65880,233
Chase County,20017,2790,27
Chautauqua County,20019,3669,8
Dallas County,01047,43820,130
Monroe County,39111,14642,25
Oklahoma County,40109,718633,3557
Franklin County,37069,60619,119
Evans County,13109,11000,19
Edgecombe County,37065,56552,115
Muskogee County,40101,70990,221
Forsyth County,37067,350670,1399
Sibley County,27143,15226,27
Duplin County,37061,58505,89
Nowata County,40105,10536,20
Durham County,37063,267587,1526
Effingham County,13103,52250,105
Hodgeman County,20083,1916,4
Graham County,04009,37220,61
Dunn County,38025,3536,10
St. Charles County,29183,360485,1305
Ohio County,54069,44443,254
St. Clair County,29185,9805,15
Dickey County,38021,5289,11
St. Francois County,29187,65359,112
Ste. Genevieve County,29186,18145,41
St. Louis County,29189,998954,4149
Monroe County,54063,13502,12
Cochise County,04003,131346,300
Monongalia County,54061,96189,1113
Coconino County,04005,134421,901
Nicholas County,54067,26233,65
Gila County,04007,53597,92
Morgan County,54065,17541,43
Appanoose County,19007,12887,16
Monroe County,29137,8840,10
Rio Grande County,08105,11982,6
Routt County,08107,23509,69
Kay County,40071,46562,113
Kingfisher County,40073,15034,31
Le Flore County,40079,50384,127
Meagher County,30059,1891,2
Cape May County,34009,97265,558
Liberty County,30051,2339,1
Bergen County,34003,905116,4806
Lincoln County,30053,19687,11
Atlantic County,34001,274549,2430
McCone County,30055,1734,1
Camden County,34007,513657,2199
Madison County,30057,7691,13
Burlington County,34005,448734,2227
Brown County,18013,15242,115
Boundary County,16021,10972,2
Boone County,18011,56640,175
Cass County,18017,38966,79
Delaware County,19055,17764,32
Carroll County,18015,20155,32
Clark County,18019,110232,433
Cedar County,29039,13982,9
Itawamba County,28057,23401,63
Holmes County,28051,19198,41
Humphreys County,28053,9375,13
Jackson County,28059,139668,282
Madison County,37115,20764,52
Cole County,29051,75990,193
LaGrange County,18087,37128,96
McDowell County,37111,44996,96
Macon County,37113,33922,68
Dallas County,29059,16777,17
Gallatin County,17059,5589,6
Mecklenburg County,37119,919628,6769
Pulaski County,29169,52274,187
Meriwether County,13199,21992,37
Murray County,13213,39628,43
Le Sueur County,27079,27703,46
Lake of the Woods County,27077,4045,14
York County,31185,13665,53
Lake County,27075,10866,52
Lac qui Parle County,27073,7259,15
Carroll County,29033,9295,13
Koochiching County,27071,13311,34
Dodge County,31053,36691,102
Dixon County,31051,6000,16
Dundy County,31057,2008,1
Luna County,35029,25095,38
Douglas County,31055,517110,2498
Lincoln County,35027,20497,43
Lea County,35025,64727,152
Fillmore County,31059,5890,6
Hidalgo County,35023,4894,13
Oconto County,55083,37660,51
Monroe County,55081,44673,88
Outagamie County,55087,176695,492
Oneida County,55085,35998,59
Ozaukee County,55089,86395,266
Rutherford County,47149,262604,1328
Martinsville city,51690,13821,30
Madison County,13195,28120,40
Putnam County,47141,72321,337
Rhea County,47143,31809,76
Roane County,47145,54181,118
Robertson County,47147,66283,207
Greene County,19073,9336,9
Fremont County,19071,7441,15
Licking County,39089,166492,544
Guthrie County,19077,10954,28
Grundy County,19075,12453,28
Lake County,39085,230041,938
Lawrence County,39087,62450,148
Hamilton County,19079,15673,34
Jefferson County,39081,69709,175
Knox County,39083,60921,165
Smith County,28129,16491,18
Sharkey County,28125,4916,8
Simpson County,28127,27503,33
Rankin County,28121,141617,409
Scott County,28123,28264,55
Taos County,35055,32937,67
Twin Falls County,16083,77230,73
Teton County,16081,10170,15
Washington County,16087,10198,5
Valley County,16085,9862,21
Jones County,48253,20202,27
Warren County,51187,37575,113
Tazewell County,51185,45078,90
Sussex County,51183,12087,40
Surry County,51181,7058,16
Mille Lacs County,27095,26097,59
St. James Parish,22093,22102,74
Morrison County,27097,33198,76
St. Helena Parish,22091,11203,24
Martin County,27091,20840,45
St. Landry Parish,22097,83384,140
Meeker County,27093,23300,41
St. John the Baptist Parish,22095,45924,150
De Witt County,17039,16561,42
St. Martin Parish,22099,52160,91
Portsmouth city,51740,95535,302
Casey County,21045,15955,23
Christian County,21047,73955,241
Carroll County,21041,10811,38
Carter County,21043,27720,67
Woodford County,17203,38664,62
Winnebago County,17201,295266,837
Clark County,21049,35613,96
Allendale County,45005,10419,14
Bosque County,48035,18212,34
Bowie County,48037,92565,281
Waseca County,27161,19136,28
Macoupin County,17117,47765,76
Trigg County,21221,14339,29
Macon County,17115,110768,319
Trimble County,21223,8809,17
McLean County,17113,169572,969
Union County,21225,15007,26
McHenry County,17111,308760,743
Warren County,21227,113792,845
Greene County,05055,42090,82
Skagit County,53057,116901,251
Hempstead County,05057,22609,66
San Juan County,53055,15769,42
Garland County,05051,96024,249
Pierce County,53053,795225,2526
Madison County,17119,269282,935
Pend Oreille County,53051,13001,12
Seneca County,36099,35251,110
Schuyler County,36097,18343,59
Schoharie County,36095,32749,92
Schenectady County,36093,154727,374
Saratoga County,36091,219607,814
Hopewell city,51670,22591,52
Mifflin County,42087,46682,61
Oceana County,26127,26570,62
Mercer County,42085,116638,378
Oakland County,26125,1202362,5345
McKean County,42083,43450,91
Newaygo County,26123,48460,71
Lycoming County,42081,116111,347
Muskegon County,26121,172188,419
Monroe County,42089,169842,787
Ogemaw County,26129,21699,36
Pratt County,20151,9656,36
Sussex County,10005,197145,783
Gooding County,16047,15464,12
Reno County,20155,64511,186
Kent County,10001,162310,770
Republic County,20157,4980,5
New Castle County,10003,538479,2509
Rice County,20159,10083,199
Grundy County,17063,50063,195
Duval County,48131,11782,51
Greene County,17061,13886,20
Hancock County,17067,19104,20
Hamilton County,17065,8457,5
Hardin County,17069,4320,3
Sherman County,48421,3034,5
St. Francis County,05123,28258,76
Monroe County,21171,10963,14
Powell County,30077,7027,5
Hall County,31079,58607,172
Ector County,48135,137130,322
Thurston County,31173,6940,21
Edwards County,48137,2002,2
Leflore County,28083,32317,76
McPherson County,46089,2459,3
Dillon County,45033,32062,77
Darlington County,45031,68681,191
Edgefield County,45037,26985,38
Washington County,31177,20234,37
Dorchester County,45035,136555,380
Monroe County,19135,7970,10
Wasco County,41065,25213,49
Fairfield County,45039,23956,39
Washington County,41067,529710,1752
Union County,41061,25748,37
Wallowa County,41063,7008,13
La Salle County,48283,6886,46
Lampasas County,48281,19677,24
Lee County,48287,16612,48
Lavaca County,48285,19263,41
Garfield County,31071,2049,4
Pemiscot County,29155,18296,43
Leon County,48289,16801,51
Gosper County,31073,2044,3
Oswego County,36075,122109,372
Otsego County,36077,62259,256
Orange County,36071,372813,1774
Orleans County,36073,42883,64
Greene County,37079,21362,45
Lamar County,13171,18317,51
Granville County,37077,59916,109
Lanier County,13173,10078,8
Graham County,37075,8861,15
Putnam County,36079,99710,351
Gates County,37073,12197,15
Lee County,13177,28298,62
Gaston County,37071,206086,634
Mineral County,54057,28212,59
Mercer County,54055,62264,178
Mason County,54053,27324,51
Marshall County,54051,33107,78
Arapahoe County,08005,572003,1560
Archuleta County,08007,12084,16
Mineral County,32021,4772,5
Adams County,08001,441603,1517
Alamosa County,08003,15445,46
McIntosh County,38051,2809,3
McKenzie County,38053,6360,53
Pima County,04019,980263,3609
McLean County,38055,8962,16
Schuyler County,29197,4431,3
Mercer County,38057,8424,18
Saline County,29195,23370,78
Morton County,38059,27471,57
Maricopa County,04013,3817117,15624
Greenlee County,04011,8437,13
Navajo County,04017,107449,140
Mohave County,04015,200186,319
Tioga County,42117,41981,96
Baca County,08009,3788,3
Adair County,40001,22683,31
Baker County,13007,3451,3
Atoka County,40005,14182,33
Beaver County,40007,5636,16
Sierra County,06091,3240,3
Beckham County,40009,22119,65
Somerset County,23025,52228,54
Baldwin County,13009,45720,219
Washington County,08121,4814,7
Lewis and Clark County,30049,63395,109
Jefferson County,30043,11406,5
Hill County,30041,16096,26
Johnston County,40069,10957,27
Lake County,30047,28746,37
Webster County,19187,38013,123
Blackford County,18009,12766,32
Elbert County,13105,20166,43
Bartholomew County,18005,76794,240
Wayne County,19185,6403,4
Adams County,18001,34387,48
Allen County,18003,355329,1463
Claiborne County,28021,9604,36
Clarke County,28023,16732,19
Noble County,40103,11561,40
Clay County,28025,20634,36
Coahoma County,28027,26151,73
Copiah County,28029,29449,71
Taylor County,13269,8906,24
Wyandotte County,20209,157505,801
Echols County,13101,4034,4
Lenoir County,37107,59495,147
Lee County,37105,57866,165
Clinton County,29049,20743,37
Johnston County,37101,168878,541
Clark County,29045,7139,25
Clay County,29047,221939,841
Chariton County,29041,7831,5
St. Louis city,29510,319294,3281
Lincoln County,37109,78265,183
Hooker County,31091,736,1
Alexandria city,51510,139966,781
Bedford city,51515,6222,15
Itasca County,27061,45058,98
Jackson County,27063,10266,22
Kanabec County,27065,16239,26
Kandiyohi County,27067,42239,109
Sussex County,34037,149265,396
Rio Arriba County,35039,40246,67
Somerset County,34035,323444,1301
Salem County,34033,66083,252
Passaic County,34031,501226,2213
Gage County,31067,22311,41
McKinley County,35031,71492,140
Furnas County,31065,4959,6
Mora County,35033,4881,4
Frontier County,31063,2756,2
Otero County,35035,63797,105
Union County,34039,536499,2476
Quay County,35037,9041,14
Bland County,51021,6824,11
Price County,55099,14159,10
Shasta County,06089,177223,379
Ross County,39141,78064,233
Santa Cruz County,06087,262382,1168
Polk County,55095,44205,68
Woodbury County,19193,102172,489
Portage County,55097,70019,233
Worth County,19195,7598,29
Pepin County,55091,7469,12
San Mateo County,06081,718451,5207
Pierce County,55093,41019,107
Hayes County,31085,967,4
Hitchcock County,31087,2908,8
Smith County,47159,19166,36
Hamilton County,31081,9124,30
Harlan County,31083,3423,5
Iron County,49021,46163,150
Sequatchie County,47153,14112,25
Scott County,47151,22228,27
Holt County,31089,10435,16
Shelby County,47157,927644,3725
Sevier County,47155,89889,900
Briscoe County,48045,1637,4
Washtenaw County,26161,344791,2412
Lucas County,19117,8898,9
Dallas County,19049,66135,380
Mahoning County,39099,238823,970
Crawford County,19047,17096,34
Madison County,39097,43435,129
Clinton County,19045,49116,125
Seneca County,39147,56745,167
Clayton County,19043,18129,36
Lorain County,39093,301356,1106
Clay County,19041,16667,38
Kane County,49025,7125,34
Winston County,28159,19198,51
Buckingham County,51029,17146,16
Eddy County,38027,2385,3
Shelby County,39149,49423,97
Washington County,28151,51137,88
Wayne County,28153,20747,36
Corson County,46031,4050,10
Webster County,28155,10253,24
Wilkinson County,28157,9878,17
Ripley County,29181,14100,13
Divide County,38023,2071,8
Rains County,48379,10914,23
Anoka County,27003,330844,1002
Apache County,04001,71518,66
Clark County,17023,16335,35
Ralls County,29173,10167,12
Love County,40085,9423,81
Emmons County,38029,3550,4
Saline County,05125,107118,195
McLeod County,27085,36651,91
Lyon County,27083,25857,101
Lincoln County,27081,5896,10
Petersburg city,51730,32420,112
Haskell County,40061,12769,18
Scott County,05127,11233,13
Marshall County,27089,9439,23
Butler County,21031,12690,22
Caldwell County,21033,12984,35
Calloway County,21035,37191,248
Campbell County,21037,90336,456
Carlisle County,21039,5104,7
Randolph County,05121,17969,25
Iberia Parish,22045,73240,135
Iberville Parish,22047,33387,95
Franklin Parish,22041,20767,26
Potter County,48375,121073,344
Grant Parish,22043,22309,29
Bacon County,13005,11096,22
Worcester County,25027,798552,3449
Lemhi County,16059,7936,97
Suffolk County,25025,722023,10847
Jackson Parish,22049,16274,36
Plymouth County,25023,494919,2063
Norfolk County,25021,670850,2573
Riverside County,06065,2189641,7684
Sacramento County,06067,1418788,4620
Placer County,06061,348432,1157
Plumas County,06063,20007,33
San Benito County,06069,55269,151
Arenac County,26011,15899,21
Galax city,51640,7042,21
Jefferson County,40067,6472,8
Goshen County,56015,13249,24
Lawrence County,17101,16833,25
Hot Springs County,56017,4812,9
Lee County,17103,36031,85
Crook County,56011,7083,9
Livingston County,17105,38950,89
Fremont County,56013,40123,98
Logan County,17107,30305,69
Spokane County,53063,471221,1151
Franklin County,05047,18125,53
Snohomish County,53061,713335,2198
Faulkner County,05045,113237,444
Thurston County,53067,252264,753
Drew County,05043,18509,56
Stevens County,53065,43531,19
Desha County,05041,13008,36
St. Lawrence County,36089,111944,353
McLean County,21149,9531,10
Logan County,05083,22353,38
McCracken County,21145,65565,272
Queens County,36081,2230722,9405
McCreary County,21147,18306,23
Rensselaer County,36083,159429,577
Logan County,21141,26835,47
Richmond County,36085,468730,1619
Lyon County,21143,8314,20
Rockland County,36087,311687,1121
Little River County,05081,13171,27
Kiowa County,40075,9446,14
Madison County,05087,15717,12
Davis County,49011,306479,680
Montgomery County,42091,799874,3326
Duchesne County,49013,18607,26
Latimer County,40077,11154,21
Emery County,49015,10976,22
Northampton County,42095,297735,1113
Monroe County,26115,152021,532
Northumberland County,42097,94528,156
Grand County,49019,9225,75
Perry County,42099,45969,66
Scurry County,48415,16921,43
Peoria County,17143,186494,694
Pueblo County,08101,159063,298
Ottawa County,20143,6091,12
Osborne County,20141,3858,9
Phillips County,20147,5642,12
Pawnee County,20145,6973,15
Pottawatomie County,20149,21604,92
Jasper County,17079,9698,11
Norton County,20137,5671,9
Iroquois County,17075,29718,86
Jackson County,17077,60218,429
Henderson County,17071,7331,6
Henry County,17073,50486,136
Bedford County,51019,68676,142
Saguache County,08109,6108,3
Schleicher County,48413,3461,2
Douglas County,41019,107667,156
Colleton County,45029,38892,115
Coos County,41011,63043,103
Chesterfield County,45025,46734,91
Crook County,41013,20978,267
Clarendon County,45027,34971,77
Curry County,41015,22364,28
Cherokee County,45021,55342,181
Deschutes County,41017,157733,391
Chester County,45023,33140,75
Worcester County,24047,51454,364
Wicomico County,24045,98733,473
Washington County,24043,147430,492
Llano County,48299,19301,54
Talbot County,24041,37782,137
Warren County,29219,32513,77
Lipscomb County,48295,3302,4
Live Oak County,48297,11531,49
Liberty County,48291,75643,143
Limestone County,48293,23384,52
Columbia County,53013,4078,23
Onondaga County,36067,467026,2538
Craven County,37049,103505,305
Oneida County,36065,234878,793
Niagara County,36063,216469,1153
Woodward County,40153,20081,46
New York County,36061,1585873,35119
Clay County,37043,10587,23
Jefferson County,13163,16930,21
Chowan County,37041,14793,31
Jeff Davis County,13161,15068,27
Columbus County,37047,58098,103
Johnson County,13167,9980,14
Cleveland County,37045,98078,304
Ontario County,36069,107931,447
Yuma County,04027,195751,524
Lewis County,54041,16372,60
Yavapai County,04025,211033,532
Lincoln County,54043,21720,21
New London County,09011,274055,1460
Logan County,54045,36743,123
Tolland County,09013,152691,760
Clear Creek County,08019,9088,70
Marion County,54049,56418,212
Broomfield County,08014,55889,224
Chaffee County,08015,17809,42
Boulder County,08013,294567,1749
Bent County,08011,6499,4
Kidder County,38043,2435,6
Hettinger County,38041,2477,6
Logan County,38047,1990,4
Cotton County,40033,6193,10
McHenry County,38049,5395,8
Morgan County,29141,20565,22
Bryan County,40013,42416,151
Bartow County,13015,100157,329
Barrow County,13013,69367,159
Wibaux County,30109,1017,1
Banks County,13011,18395,43
Wheatland County,30107,2168,24
Valley County,30105,7369,10
Carter County,40019,47557,149
Toole County,30101,5324,11
Berrien County,13019,19286,31
Jennings County,18079,28525,38
Jackson County,18071,42376,126
Jasper County,18073,33478,80
Jay County,18075,21253,41
Potter County,46107,2329,10
Jefferson County,18077,32428,107
DeSoto County,28033,161252,534
Covington County,28031,19568,48
Franklin County,28037,8118,14
Forrest County,28035,74934,396
New Kent County,51127,18429,67
Onslow County,37133,177772,625
Northampton County,37131,22099,41
Pamlico County,37137,13144,22
Orange County,37135,133801,914
Cape Girardeau County,29031,75674,307
Pasquotank County,37139,40661,154
Carter County,29035,6265,11
Cass County,29037,99478,197
Lawrence County,47099,41869,62
Issaquena County,28055,1406,1
Knox County,47093,432226,2510
Habersham County,13137,43041,76
Johnson County,47091,18244,18
Lauderdale County,47097,27815,35
Lake County,47095,7832,4
Monroe County,18105,137974,1173
Custer County,16037,4368,6
Montgomery County,18107,38124,129
Martin County,18101,10334,30
George County,28039,22578,21
Miami County,18103,36903,85
Rock County,27133,9687,26
Morgan County,18109,68894,170
Clearwater County,16035,8761,2
Giles County,51071,17286,32
Darke County,39037,52959,84
Clark County,16033,982,3
Coshocton County,39031,36901,49
Newton County,29145,58114,106
Mercer County,34021,366513,1856
Nodaway County,29147,23370,128
Middlesex County,34023,809858,4076
Pondera County,30073,6153,10
Monmouth County,34025,630380,3267
New Madrid County,29143,18956,45
Morris County,34027,492276,2196
Ocean County,34029,576567,2550
Roseau County,27135,15629,36
Oregon County,29149,10881,9
Prairie County,30079,1179,1
Greeley County,31077,2538,3
Tipton County,47167,61081,103
Stanislaus County,06099,514453,1400
Sumner County,47165,160645,517
Winnebago County,19189,10866,30
Sullivan County,47163,156823,390
Grady County,13131,25011,54
Stewart County,47161,13324,26
Washington County,19183,21704,36
Warren County,19181,46225,155
Solano County,06095,413344,1249
Trousdale County,47169,7870,18
Sonoma County,06097,483878,1421
Johnson County,31097,5217,6
Jefferson County,31095,7547,12
Howard County,31093,6274,6
Linn County,20107,9656,14
Kearney County,31099,6489,15
Cooper County,29053,17601,51
Wayne County,29223,13521,18
Davis County,19051,8753,12
Decatur County,19053,8457,58
Martin County,37117,24505,53
Des Moines County,19057,40325,104
Warren County,28149,48773,118
Glascock County,13125,3082,4
Tunica County,28143,10778,67
Tishomingo County,28141,19593,36
Walthall County,28147,15443,6
Union County,28145,27134,69
Crawford County,29055,24696,45
Carteret County,37031,66469,299
West Carroll Parish,22123,11604,6
West Baton Rouge Parish,22121,23788,105
Winn Parish,22127,15313,45
West Feliciana Parish,22125,15625,216
Juab County,49023,10246,15
Polk County,31143,5406,9
Preble County,39135,42270,105
Putnam County,39137,34499,58
Pike County,39131,28709,48
Portage County,39133,161419,1054
Norton city,51720,3958,28
Richland County,39139,124475,432
Bracken County,21023,8488,22
Boyle County,21021,28432,107
Breckinridge County,21027,20059,29
Breathitt County,21025,13878,30
Bullitt County,21029,74319,241
Lafourche Parish,22057,96318,243
Nantucket County,25019,10172,98
Lafayette Parish,22055,221578,835
Jefferson Davis Parish,22053,31594,54
Jefferson Parish,22051,432552,1626
Hampden County,25013,463490,2093
Franklin County,25011,71372,247
Middlesex County,25017,1503085,7986
Hampshire County,25015,158080,983
La Salle Parish,22059,14890,22
San Joaquin County,06077,685306,1756
San Francisco County,06075,805235,44105
San Diego County,06073,3095313,16202
San Bernardino County,06071,2035210,7634
San Luis Obispo County,06079,269637,1095
Kinney County,48271,3598,7
Hampton city,51650,137436,619
Carbon County,56007,15885,25
Lincoln County,05079,14134,12
Campbell County,56005,46133,89
Big Horn County,56003,11668,5
Albany County,56001,36299,194
Lafayette County,05073,7645,9
Johnson County,05071,25540,73
Lee County,05077,10424,11
Lawrence County,05075,17415,30
Converse County,56009,13833,18
Martin County,21159,12929,32
Marshall County,21157,31448,63
Marion County,21155,19820,59
Magoffin County,21153,13333,19
Madison County,21151,82916,402
Lamb County,48279,13977,20
Richardson County,31147,8363,14
Todd County,46121,9612,17
Rosebud County,30087,9233,14
Box Elder County,49003,49975,76
Beaver County,49001,6629,16
Lackawanna County,42069,214437,822
Carbon County,49007,21403,24
Cache County,49005,112656,492
Jefferson County,42065,45200,69
Mason County,26105,28705,62
Juniata County,42067,24636,38
Mecosta County,26107,42798,244
Huntingdon County,42061,45913,104
Manistee County,26101,24733,42
Indiana County,42063,88880,412
Marquette County,26103,67077,294
Grant County,40053,4527,12
Okfuskee County,40107,12191,16
Sheridan County,20179,2556,9
Nueces County,48355,340223,1608
Ochiltree County,48357,10223,17
Sedgwick County,20173,498365,2136
Nolan County,48353,15216,36
Brown County,17009,6937,5
Adams County,17001,67103,139
Multnomah County,41051,735334,5678
Alexander County,17003,8238,16
Bond County,17005,17768,55
Boone County,17007,54165,168
Webster County,31181,3812,5
Whitman County,53075,44776,495
Yakima County,53077,243231,524
Walla Walla County,53071,58781,115
Whatcom County,53073,201140,781
Johnson County,17087,12582,21
Laurens County,45059,66537,194
Columbia County,41009,49351,60
Horry County,45051,269291,1842
Benton County,41003,85579,566
Jasper County,45053,24777,71
Baker County,41001,16134,19
Kershaw County,45055,61697,149
Clatsop County,41007,37039,191
Lancaster County,45057,76652,188
Clackamas County,41005,375992,956
Shannon County,29203,8441,4
Scott County,29201,39191,93
Stoddard County,29207,29968,64
Shelby County,29205,6373,7
Stone County,29209,32202,83
Jackson County,13157,60485,148
Dare County,37055,33920,293
Irwin County,13155,9538,11
Davidson County,37057,162878,345
Houston County,13153,139900,570
Cumberland County,37051,319431,1239
Henry County,13151,203922,677
Currituck County,37053,23547,84
Calhoun County,01015,118572,489
Chambers County,01017,34215,105
Bullock County,01011,10914,25
Davie County,37059,41240,106
Butler County,01013,20947,55
Madison County,36053,73442,1554
Livingston County,36051,65393,181
Montgomery County,36057,50219,131
Monroe County,36055,744344,3238
Carroll County,33003,47818,263
San Patricio County,48409,64804,225
Nassau County,36059,1339532,5256
Coos County,33007,33055,86
Cheshire County,33005,77117,430
Middlesex County,09007,165676,636
Delta County,08029,30952,29
Litchfield County,09005,189927,534
Hartford County,09003,894014,4078
Fairfield County,09001,916829,3909
Costilla County,08023,3524,1
Conejos County,08021,8256,2
Custer County,08027,4255,4
Crowley County,08025,5823,2
New Haven County,09009,862477,3816
Goliad County,48175,7210,23
Gonzales County,48177,19807,60
Gillespie County,48171,24837,88
Rolette County,38079,13937,59
Richland County,38077,16321,55
Renville County,38075,2470,5
Gray County,48179,22535,23
Franklin County,48159,10605,27
Ramsey County,38071,11451,42
Trego County,20195,3001,15
Wabaunsee County,20197,7053,24
Sumner County,20191,24132,81
Thomas County,20193,7900,33
Cimarron County,40025,2475,4
Schuylkill County,42107,148289,310
Wallace County,20199,1485,3
Bleckley County,13023,13063,41
Bibb County,13021,155547,782
Brooks County,13027,16243,26
Brantley County,13025,18411,14
Cleveland County,40027,255755,1357
Yellowstone County,30111,147972,267
Bryan County,13029,30233,92
Tuscaloosa County,01125,194656,2393
Walker County,01127,67023,176
Los Alamos County,35028,17950,10
Huntington County,18069,37124,112
Hendricks County,18063,145448,905
Harrison County,18061,39364,101
Howard County,18067,82752,275
Henry County,18065,49462,111
Benton County,28009,8729,18
Attala County,28007,19564,20
Amite County,28005,13131,10
Alcorn County,28003,37057,95
Adams County,28001,32297,88
Camden County,29029,44002,157
New Hanover County,37129,202667,1224
Ashtabula County,39007,101497,318
Butler County,29023,42794,89
Nash County,37127,95840,302
Mitchell County,37121,15579,27
Caldwell County,29025,9424,15
Orange County,18117,19840,59
Ohio County,18115,6128,8
Noble County,18113,47536,107
Newton County,18111,14244,24
Owen County,18119,21575,38
Charlton County,13049,12171,25
Amelia County,51007,12690,13
Pontotoc County,40123,37492,112
Baltimore city,24510,620961,3674
Towner County,38095,2246,18
Perry County,29157,18971,22
Traill County,38097,8121,50
Missoula County,30063,109299,360
Steele County,38091,1975,7
Ozark County,29153,9723,8
Stutsman County,38093,21100,129
Park County,30067,15636,16
Collin County,48085,782341,3782
Walsh County,38099,11119,23
Pettis County,29159,42201,83
Unicoi County,47171,18313,29
Union County,47173,19109,26
Van Buren County,47175,5548,16
Warren County,47177,39839,49
Washington County,47179,122979,484
Fulton County,13121,920581,10323
Vernon County,29217,21159,33
Humphreys County,47085,18538,50
Jackson County,47087,11638,19
Richland County,45079,384504,2452
Houston County,47083,8426,16
Jefferson County,47089,51407,156
Wood County,55141,74749,66
Hardin County,19083,17534,40
Vernon Parish,22115,52334,106
Vermilion Parish,22113,57999,69
Union Parish,22111,22721,34
Kootenai County,16055,138494,296
Latah County,16057,37244,177
Jefferson County,16051,26140,18
Webster Parish,22119,41207,79
Howard County,05061,13789,28
Norfolk city,51710,242803,1354
Henrico County,51087,306935,1269
Perry County,39127,36058,60
Hanover County,51085,99863,596
Paulding County,39125,19614,45
Halifax County,51083,36241,64
Ottawa County,39123,41428,167
Greensville County,51081,12243,17
Noble County,39121,14645,25
Saunders County,31155,20780,74
Henry County,51089,54151,169
Pickaway County,39129,55698,220
Bristol County,25005,548285,1885
Dukes County,25007,16535,124
Barnstable County,25001,215888,1165
Boyd County,21019,49542,197
Berkshire County,25003,131219,459
Bourbon County,21017,19985,53
Boone County,21015,118811,597
Bell County,21013,28691,90
Essex County,25009,743159,3902
Bath County,21011,11591,27
Livingston Parish,22063,128026,236
Lincoln Parish,22061,46735,324
Morehouse Parish,22067,27979,37
Madison Parish,22065,12093,50
Natchitoches Parish,22069,39566,168
Mariposa County,06043,18251,62
Marin County,06041,252409,1219
Daggett County,49009,1059,78
Merced County,06047,255793,651
Mendocino County,06045,87841,188
Sully County,46119,1373,8
Hardeman County,48197,4139,11
Modoc County,06049,9686,7
Harrisonburg city,51660,48914,647
Sheridan County,56033,29116,36
Platte County,56031,8667,21
Sweetwater County,56037,43806,71
Sublette County,56035,10247,10
Teton County,56039,21294,98
Metcalfe County,21169,10099,17
Washoe County,32031,421407,1510
White Pine County,32033,10030,11
Meade County,21163,28602,64
Oldham County,48359,2052,6
Mason County,21161,17490,58
Mercer County,21167,21331,49
Menifee County,21165,6306,10
Hansford County,48195,5613,10
Piute County,49031,1556,2
Cumberland County,51049,10052,9
Shawnee County,20177,177934,547
Codington County,46029,27227,68
Saline County,31151,14200,33
Sanpete County,49039,27822,161
Luzerne County,42079,320918,1044
San Juan County,49037,14746,30
Lehigh County,42077,349497,1215
Clay County,46027,13864,115
Lebanon County,42075,133568,319
Campbell County,46021,1466,5
Lawrence County,42073,91108,296
Charles Mix County,46023,9129,26
Lancaster County,42071,519445,1751
Jack County,48237,9044,9
Saline County,20169,55606,221
Blaine County,40011,11943,19
Navarro County,48349,47735,186
Riley County,20161,71115,790
Rooks County,20163,5181,11
Rush County,20165,3307,16
Russell County,20167,6970,16
Taylor County,19173,6317,10
Champaign County,17019,201081,1430
Scott County,20171,4936,11
Danville city,51590,43055,177
Grant County,53025,89120,143
Bureau County,17011,34978,85
Tama County,19171,17767,54
Carroll County,17015,15387,27
Hamilton County,48193,8517,19
Van Wert County,39161,28744,88
Houston County,01069,101547,330
Emporia city,51595,5927,17
Bath County,51017,4731,16
Bottineau County,38009,6429,34
Dunn County,55033,43857,203
Allegan County,26005,111408,309
Izard County,05065,13696,35
Alpena County,26007,29598,53
Jackson County,05067,17997,30
Benton County,53005,175177,440
Yankton County,46135,22438,58
Chelan County,53007,72453,272
Independence County,05063,36647,65
Clallam County,53009,71404,140
Douglas County,55031,44159,138
Antrim County,26009,23580,50
Jefferson County,05069,77435,199
Zapata County,48505,14018,32
Hampton County,45049,21090,28
Yoakum County,48501,7879,17
Young County,48503,18550,34
Georgetown County,45043,60158,255
Florence County,45041,136885,506
Greenwood County,45047,69661,261
Greenville County,45045,451225,2023
Garfield County,53023,2266,2
Adams County,38001,2343,10
Buncombe County,37021,238318,1227
Rockingham County,33015,295223,1417
Burke County,37023,90912,160
Strafford County,33017,123143,620
Cabarrus County,37025,178011,918
Hillsborough County,33011,400721,1356
Caldwell County,37027,83029,136
Merrimack County,33013,146445,522
Camden County,37029,9980,17
Heard County,13149,11834,15
Barbour County,01005,27457,58
Baldwin County,01003,182265,953
Autauga County,01001,54571,488
Hale County,48189,36273,83
Potter County,42105,17457,17
Pike County,42103,57369,179
Philadelphia County,42101,1526006,12191
Jefferson County,36045,116229,306
Kings County,36047,2504700,13008
Grimes County,48185,26604,173
Snyder County,42109,39702,116
Franklin County,53021,78163,190
Gaines County,48165,17526,27
Frio County,48163,17217,68
Freestone County,48161,19816,70
Mountrail County,38061,7673,27
Nelson County,38063,3126,7
Oliver County,38065,1846,3
Pembina County,38067,7413,20
Stanton County,20187,2235,3
Stafford County,20185,4437,14
Smith County,20183,3853,17
Sherman County,20181,6010,25
Stevens County,20189,5724,12
Lake County,41037,7895,8
Custer County,40039,27469,150
Klamath County,41035,66380,88
Josephine County,41033,82713,97
Camden County,13039,50513,119
Jefferson County,41031,21720,27
Comanche County,40031,124098,437
Wilcox County,01131,11670,27
Craig County,40035,15029,36
Lane County,41039,351715,1715
Creek County,40037,69967,116
Hamilton County,18057,274569,1185
Greene County,18055,33165,55
Grant County,18053,70061,277
Gibson County,18051,33503,80
Hancock County,18059,70002,207
Judith Basin County,30045,2072,2
Bollinger County,29017,12363,8
Choctaw County,28019,8547,19
Benton County,29015,19056,27
Bates County,29013,17049,39
Barton County,29011,12402,16
Bolivar County,28011,34145,112
Calhoun County,28013,14962,34
Carroll County,28015,10597,13
Boone County,29019,162642,1756
Chickasaw County,28017,17392,24
Rowan County,37159,138428,333
Douglas County,08035,285465,839
Eagle County,08037,52197,200
Throckmorton County,48447,1641,5
Denver County,08031,600158,4421
Dolores County,08033,2064,2
Randolph County,37151,141752,301
Richmond County,37153,46639,541
Robeson County,37155,134168,383
Elbert County,08039,23086,17
Rockingham County,37157,93643,224
Perry County,18123,19338,37
Parke County,18121,17339,54
Porter County,18127,164343,499
Pike County,18125,12845,10
Bristol city,51520,17835,58
Posey County,18129,25910,55
Forest County,55041,9304,17
Pike County,29163,18516,22
Slope County,38087,727,1
Phelps County,29161,45156,109
Carroll County,51035,30042,53
Teton County,30099,6073,8
Sheridan County,38083,1321,18
Platte County,29165,89322,721
Sargent County,38081,3829,17
Stillwater County,30095,9117,15
Sweet Grass County,30097,3651,4
Sheridan County,30091,3384,3
Silver Bow County,30093,34200,84
Rush County,18139,17392,30
Wilson County,47189,113993,420
Cottle County,48101,1505,1
White County,47185,25841,24
Williamson County,47187,183182,1307
Wayne County,47181,17021,15
Weakley County,47183,35021,130
Crane County,48103,4375,6
Stanton County,31167,6129,11
Randolph County,18135,26171,57
Crockett County,48105,3719,11
Yalobusha County,28161,12678,26
Yazoo County,28163,28065,38
Crosby County,48107,6059,9
Sullivan County,42113,6428,16
Pushmataha County,40127,11572,9
Wadena County,27159,13843,37
Blanco County,48031,10497,37
St. Mary Parish,22101,54650,113
St. Tammany Parish,22103,233740,619
Jasper County,19099,36842,78
Idaho County,16049,16267,5
Terrebonne Parish,22109,111860,282
Jackson County,19097,19848,44
Fremont County,16043,13242,10
Franklin County,16041,12786,12
Newport News city,51700,180719,663
Mower County,27099,39163,74
Montgomery County,39113,535153,1833
Highland County,51091,2321,3
Carson City,32510,55274,110
Isle of Wight County,51093,35270,71
Morrow County,39117,34827,3012
James City County,51095,67009,407
Morgan County,39115,15054,15
King and Queen County,51097,6945,49
King George County,51099,23584,45
Muskingum County,39119,86074,282
Todd County,27153,24895,43
Barren County,21009,42173,111
Adair County,21001,18656,70
Allen County,21003,19956,25
Anderson County,21005,21421,43
Ballard County,21007,8249,16
Rapides Parish,22079,131613,432
Plaquemines Parish,22075,23042,84
Pointe Coupee Parish,22077,22802,37
Orleans Parish,22071,343829,3596
Ouachita Parish,22073,153720,606
Pennington County,46103,100948,359
Moody County,46101,6486,21
Orange County,06059,3010232,17144
Perkins County,46105,2982,5
Napa County,06055,136484,827
Nevada County,06057,98764,147
Mono County,06051,14202,62
Monterey County,06053,415057,1495
Watonwan County,27165,11211,24
Douglas County,53017,38431,72
Wilkin County,27167,6576,21
Lexington city,51678,7042,68
Washington County,27163,238136,738
Herkimer County,36043,64519,166
Winona County,27169,51461,358
Washington County,21229,11717,31
Morgan County,21175,13923,18
Lincoln County,53043,10570,14
Muhlenberg County,21177,31499,73
Park County,56029,28205,39
Montgomery County,21173,26499,77
Natrona County,56025,75450,115
Niobrara County,56027,2484,4
Laramie County,56021,91738,166
Lincoln County,56023,18106,6
Pershing County,32027,6753,15
Nye County,32023,43946,183
Platte County,31141,32237,65
Cherokee County,01019,25989,48
Storey County,32029,4010,7
Ray County,29177,23494,29
Red Willow County,31145,11055,20
Morgan County,49029,9469,8
Erie County,42049,280566,1120
Deuel County,46039,4364,12
Dauphin County,42043,268100,1346
Wayne County,26163,1820584,8900
Cumberland County,42041,235406,924
Davison County,46035,19504,73
Elk County,42047,31946,70
Custer County,46033,8216,10
Delaware County,42045,558979,2618
Wexford County,26165,32735,59
Clinton County,17027,37762,87
Clay County,17025,13815,17
Searcy County,05129,8195,19
Christian County,17021,34800,404
Polk County,48373,45413,93
Pecos County,48371,15507,40
Presidio County,48377,7818,28
Coles County,17029,53873,292
Blount County,01009,57322,105
Jasper County,13159,13900,14
Waynesboro city,51820,21006,60
Petersburg Census Area,02195,3815,1
Coke County,48081,3320,2
Susquehanna County,42115,43356,80
Grafton County,33009,89118,562
Bradley County,05011,11508,19
Bay County,26017,107771,333
Calhoun County,05013,5368,13
Barry County,26015,59173,87
Carroll County,05015,27446,64
Baraga County,26013,8860,18
Chicot County,05017,11800,33
Cowlitz County,53015,102410,204
Clark County,05019,22995,163
Somerset County,42111,77742,202
Ferry County,53019,7551,7
Benzie County,26019,17525,47
Hardin County,48199,54635,102
Newton County,48351,14445,9
Wright County,29229,18815,14
Warren County,36113,65707,320
Washington County,29221,25195,49
Coleman County,48083,8895,13
Webster County,29225,36202,39
Columbia County,42037,67295,375
Caswell County,37033,23719,29
Covington County,01039,37765,89
Stephens County,13257,26175,57
Chatham County,37037,63505,123
Catawba County,37035,154358,444
Colbert County,01033,54428,183
Union County,42119,44947,116
Coffee County,01031,49948,97
Cherokee County,37039,27444,54
Coosa County,01037,11539,27
Conecuh County,01035,13228,34
Wayne County,36117,93772,199
Greene County,36039,49221,209
Hyde County,46069,1420,4
Wyoming County,42131,28276,52
Hall County,48191,3353,11
Essex County,36031,39370,150
Franklin County,36033,51599,96
Seminole County,13253,8729,17
Fulton County,36035,55531,87
Genesee County,36037,60079,237
Roberts County,46109,10149,19
Wayne County,54099,42481,93
Tucker County,54093,7141,31
Taylor County,54091,16895,29
Upshur County,54097,24254,170
Tyler County,54095,9208,14
Floyd County,48153,6446,12
Isanti County,27059,37816,78
Fisher County,48151,3974,5
Fort Bend County,48157,585375,1914
Foard County,48155,1336,2
San Augustine County,48405,8865,13
San Jacinto County,48407,26384,35
Rusk County,48401,53330,79
Sabine County,48403,10834,12
Pickens County,01107,19746,34
Perry County,01105,10591,27
Morgan County,01103,119490,370
Montgomery County,01101,229363,1054
Harding County,46063,1255,2
Pike County,01109,32899,223
Pickens County,45077,119224,978
Gilliam County,41021,1871,5
Orangeburg County,45075,92501,372
Grant County,41023,7445,3
Oconee County,45073,74273,223
Harney County,41025,7422,9
Newberry County,45071,37508,151
Hood River County,41027,22346,81
Colorado County,48089,20874,72
Jackson County,41029,203206,446
Candler County,13043,10998,31
Carroll County,13045,110527,441
Catoosa County,13047,63942,159
Fayette County,18041,24277,33
Floyd County,18043,74578,275
Fountain County,18045,17240,33
Franklin County,18047,23087,41
Fulton County,18049,20836,37
Botetourt County,51023,33148,88
Collingsworth County,48087,3057,1
Adair County,29001,25607,87
Andrew County,29003,17291,42
Iowa County,55049,23687,57
Audrain County,29007,25529,39
Barry County,29009,35597,51
Thomas County,31171,647,1
El Paso County,08041,622263,1685
Dade County,29057,7883,5
Fremont County,08043,46824,39
Polk County,37149,20510,35
Garfield County,08045,56389,99
Gilpin County,08047,5441,36
Madison County,19121,15679,55
Grand County,08049,14843,62
Perquimans County,37143,13453,20
Pender County,37141,52217,149
Pitt County,37147,168148,1055
Person County,37145,39464,64
Mahaska County,19123,22381,54
Pierce County,31139,7266,10
Glasscock County,48173,1226,2
Brunswick County,51025,17434,31
Perkins County,31135,2970,7
Phelps County,31137,9188,12
Otoe County,31131,15740,38
Rogers County,40131,86905,201
Pawnee County,31133,2773,5
Marion County,19125,33309,63
Orleans County,50019,27231,50
Hot Spring County,05059,32923,52
Ripley County,18137,28818,50
Pulaski County,18131,13402,21
Putnam County,18133,37963,117
Ransom County,38073,5457,13
Skamania County,53059,11066,34
Reynolds County,29179,6696,10
Sanders County,30089,11413,10
Randolph County,29175,25414,53
Roosevelt County,30085,10425,11
Richland County,30083,9746,23
Ravalli County,30081,40212,31
Union County,19175,12534,26
Cheyenne County,31033,9998,21
Grant County,05053,17853,34
